,compound,date,negative,neutral,positive,tn,tweet,user
0,-0.4767,Tue May 01 16:30:37 +0000 2018,0.237,0.763,0.0,0,"""You already stole my gas. Now you ruined my vehicle."" https://t.co/N73cBdPxEu",@cbcnews
1,0.7003,Tue May 01 16:00:47 +0000 2018,0.0,0.734,0.266,1,There is a disparity between popularity of Alberta's party leaders — Rachel Notley and Jason Kenney — and the popul… https://t.co/35cai5rdGr,@cbcnews
2,-0.7351,Tue May 01 15:45:04 +0000 2018,0.323,0.677,0.0,2,RT @CBCNL: BREAKING: MHA Pam Parsons goes to police with harassment complaints https://t.co/QyTrmeocAR #nlpoli https://t.co/bEE0GF4CdX,@cbcnews
3,0.1027,Tue May 01 15:30:37 +0000 2018,0.0,0.924,0.076,3,Israel's prime minister gave a PowerPoint presentation at the country's defence headquarters in Tel Aviv. But it se… https://t.co/c4MqETK9oQ,@cbcnews
4,0.0,Tue May 01 15:15:05 +0000 2018,0.0,1.0,0.0,4,RT @CBCBusiness: 'We're in the money' — CEO sings showtunes after buying grocery chain from Walmart https://t.co/23C6cG8BOa https://t.co/pv…,@cbcnews
5,-0.8779,Tue May 01 15:00:31 +0000 2018,0.408,0.502,0.091,5,"#Opinion: If Canada truly wants to decrease gun violence, we must start by considering all types of gun violence —… https://t.co/eIka4hXa4t",@cbcnews
6,-0.7351,Tue May 01 14:56:47 +0000 2018,0.256,0.744,0.0,6,RT @CBCNL: BREAKING: Liberal MHA Colin Holloway files harassment complaints against ousted cabinet ministers Eddie Joyce and Dale Kirby.  #…,@cbcnews
7,-0.7783,Tue May 01 14:30:20 +0000 2018,0.274,0.726,0.0,7,"Cathy Bennett says she was intimidated within the N.L. Liberal caucus and cabinet, and was subjected to bullying, i… https://t.co/NCpLwLGMeW",@cbcnews
8,-0.1027,Tue May 01 14:15:12 +0000 2018,0.146,0.73,0.124,8,RT @CBCPolitics: Emergency alert test will ping your cellphone next week https://t.co/QlPDP0RdgT #hw #cdnpoli https://t.co/9wMWLKRNih,@cbcnews
9,-0.5267,Tue May 01 14:00:06 +0000 2018,0.152,0.848,0.0,9,"Ashley Judd has sued Harvey Weinstein, saying the former movie mogul hurt her acting career in retaliation for her… https://t.co/YeZm2emFxO",@cbcnews
10,-0.6597,Tue May 01 13:30:00 +0000 2018,0.265,0.735,0.0,10,An abandoned highrise building occupied by squatters in downtown Sao Paulo has caught fire and collapsed.… https://t.co/cURp0lLae7,@cbcnews
11,0.0,Tue May 01 13:28:49 +0000 2018,0.0,1.0,0.0,11,"RT @thomasdaigle: Windsor, T minus 18 days https://t.co/gxU0LnbBgf",@cbcnews
12,0.0,Tue May 01 13:23:41 +0000 2018,0.0,1.0,0.0,12,"RT @CBCAlerts: UPDATE: Musicals ""Mean Girls"" and ""SpongeBob SquarePants"" each received 12 Tony nominations, while 11 nominations each went…",@cbcnews
13,0.4019,Tue May 01 13:13:24 +0000 2018,0.0,0.769,0.231,13,RT @CBCIndigenous: AFN Special Chiefs Assembly Opening Ceremonies LIVE https://t.co/Ah8UJR0O7h,@cbcnews
14,-0.2732,Tue May 01 13:00:38 +0000 2018,0.203,0.691,0.106,14,The rival Koreas have dismantled huge Cold War-era loudspeakers used to blare propaganda across their tense border. https://t.co/OQFtUglzTh,@cbcnews
15,-0.4767,Tue May 01 12:30:14 +0000 2018,0.14,0.86,0.0,15,Someone using the name of a paralyzed Humboldt Broncos player set up a fake Twitter account and sought money for a… https://t.co/1qjxp9Et6V,@cbcnews
16,0.0,Tue May 01 12:25:11 +0000 2018,0.0,1.0,0.0,16,"RT @CBCEnt: Could Harry Potter, Mean Girls and Frozen land Tony nods today? https://t.co/R66GUvWySu https://t.co/HFsgfwOiht",@cbcnews
17,0.0,Tue May 01 12:09:42 +0000 2018,0.0,1.0,0.0,17,"RT @CBCAlerts: Prince Louis of Cambridge's birth has been officially registered. Photo of his birth certificate, signed today by his father…",@cbcnews
18,0.0,Tue May 01 12:00:36 +0000 2018,0.0,1.0,0.0,18,A new book by the former Canadian commander in Afghanistan explores Operation Medusa and the politics that surround… https://t.co/tk1AvQEF4G,@cbcnews
19,0.0,Tue May 01 11:28:30 +0000 2018,0.0,1.0,0.0,19,7/7 Get the Morning Brief in your inbox each morning. Sign up here: https://t.co/euWkx8Bq21 https://t.co/YHlOxPDRTW,@cbcnews
20,-0.4215,Tue May 01 11:28:30 +0000 2018,0.219,0.781,0.0,20,6/7 Benjamin Netanyahu said Iran broke the nuclear deal. https://t.co/32yoVp0rF3 https://t.co/pbWr67hVHx,@cbcnews
21,0.0,Tue May 01 11:28:29 +0000 2018,0.0,1.0,0.0,21,5/7 Canada's government wants to change election law. https://t.co/32yoVp0rF3 https://t.co/hfDCdNsmxR,@cbcnews
22,0.0,Tue May 01 11:28:29 +0000 2018,0.0,1.0,0.0,22,4/7 Canada helped dig up evidence to extradite Hassan Diab. https://t.co/32yoVp0rF3 https://t.co/D1aNYwpfPZ,@cbcnews
23,0.0,Tue May 01 11:28:28 +0000 2018,0.0,1.0,0.0,23,"3/7 Water, water everywhere. https://t.co/32yoVp0rF3 https://t.co/PcLRpzEdLi",@cbcnews
24,0.0,Tue May 01 11:28:28 +0000 2018,0.0,1.0,0.0,24,2/7 Some Canadians are getting hit with a Trump tax bill. https://t.co/32yoVp0rF3 https://t.co/1vcCNW86Ll,@cbcnews
25,0.4926,Tue May 01 11:28:27 +0000 2018,0.0,0.814,0.186,25,1/7 Good morning! Here's the news you need to start your day today. https://t.co/32yoVp0rF3 https://t.co/txq2NT01R9,@cbcnews
26,0.1531,Tue May 01 11:15:01 +0000 2018,0.0,0.873,0.127,26,Trains may start hauling raw oilsands bitumen as a solid material. https://t.co/91TuJwDRKX @KyleBakx,@cbcnews
27,-0.5994,Tue May 01 11:00:22 +0000 2018,0.196,0.804,0.0,27,"Donald Trump — who once sympathized with violent white nationalists, implored a crowd at a campaign rally to ""knock… https://t.co/hYZ4vtDGeq",@cbcnews
28,-0.8316,Tue May 01 10:30:30 +0000 2018,0.317,0.683,0.0,28,Canada helped France dig up evidence to extradite an Ottawa man who spent three years in prison on terror charges a… https://t.co/G71gGvGDgc,@cbcnews
29,-0.2263,Tue May 01 10:00:22 +0000 2018,0.16,0.84,0.0,29,Porn actress Stormy Daniels files defamation lawsuit against President Trump https://t.co/vmpp5jTMiu,@cbcnews
30,0.0,Tue May 01 09:00:19 +0000 2018,0.0,1.0,0.0,30,Detroit finally emerges from post-bankruptcy oversight of finances https://t.co/Nx6iuq9QDC,@cbcnews
31,0.0,Tue May 01 08:00:23 +0000 2018,0.0,1.0,0.0,31,Most analysts foresee 2 or 3 additional increases in the Fed's benchmark rate by year's end https://t.co/qXk15cKcDI,@cbcnews
32,-0.128,Tue May 01 07:00:12 +0000 2018,0.176,0.824,0.0,32,Wall Street lowers iPhone sales revenue expectations https://t.co/TH5s3ov1Tm,@cbcnews
33,-0.6486,Tue May 01 06:00:10 +0000 2018,0.417,0.583,0.0,33,Actress Pamela Gidley dead at 52 https://t.co/lFU0pGUW53,@cbcnews
34,0.0258,Tue May 01 05:00:07 +0000 2018,0.235,0.588,0.176,34,"Home cultivation of marijuana plants could undermine property values, realtors warn https://t.co/eENQDMKo4L",@cbcnews
35,0.0,Tue May 01 04:00:07 +0000 2018,0.0,1.0,0.0,35,"Trudeau government proposes major changes to Canadian elections law, including campaign length and spending limits https://t.co/sodCkq0Rx3",@cbcnews
36,0.0,Tue May 01 03:00:01 +0000 2018,0.0,1.0,0.0,36,"Thousands of Canadians facing massive tax bills because of Trump's December tax reforms, CBC News has learned https://t.co/hIFpzOW3sT",@cbcnews
37,-0.6369,Tue May 01 02:30:00 +0000 2018,0.259,0.741,0.0,37,Time's Up campaign takes aim at R. Kelly over sexual abuse allegations https://t.co/uqxauUVdwA,@cbcnews
38,0.872,Tue May 01 02:00:18 +0000 2018,0.0,0.579,0.421,38,"Air Canada's new loyalty program will help to attract more foreign investors and bolster company's share price, CEO… https://t.co/9wnWsANVNj",@cbcnews
39,0.0,Tue May 01 01:30:25 +0000 2018,0.0,1.0,0.0,39,"Federal government's carbon pricing plan could eliminate up to 90 million tonnes of carbon dioxide by 2022, Environ… https://t.co/7UAf7pWklH",@cbcnews
40,-0.4215,Tue May 01 01:00:34 +0000 2018,0.203,0.797,0.0,40,"Governing Liberals crushed by Conservatives in first-quarter fundraising, new numbers show https://t.co/XDhyGwIlGY",@cbcnews
41,0.0,Tue May 01 00:59:29 +0000 2018,0.0,1.0,0.0,41,RT @CBCTheNational: Watch #CBCTheNational LIVE for Apr. 30 https://t.co/91NxJNmOHF,@cbcnews
42,0.0,Tue May 01 00:30:23 +0000 2018,0.1,0.8,0.1,42,"With legal pot looming, officials working on new training tools for Canada's cops
 https://t.co/dJuRXwjcyb",@cbcnews
43,-0.7906,Tue May 01 00:00:07 +0000 2018,0.318,0.682,0.0,43,"In wake of Toronto van attack, experts wonder what Canada is doing to address violent extremism https://t.co/4Px3dQZVA5",@cbcnews
44,0.0,Mon Apr 30 23:31:52 +0000 2018,0.0,1.0,0.0,44,LIVE Q&amp;A: Does Canada need election reform? Should expats be allowed to vote? @carolemacneil and panellists… https://t.co/vTalNYIY6O,@cbcnews
45,-0.8834,Mon Apr 30 23:30:09 +0000 2018,0.484,0.516,0.0,45,Iranian media gives conflicting reports about missile attack that killed 26 in Syria https://t.co/Yk5zAEi5th,@cbcnews
46,0.0,Mon Apr 30 23:19:59 +0000 2018,0.0,1.0,0.0,46,RT @carolemacneil: Does Canada need election reform? Should expats be allowed to vote? The Liberal government proposed major changes to ele…,@cbcnews
47,0.0,Mon Apr 30 23:00:06 +0000 2018,0.0,1.0,0.0,47,"U.S. says border crossing doesn't have room for caravan of asylum seekers
 https://t.co/BW5CEllA5v https://t.co/VcQSwwdqpb",@cbcnews
48,0.0,Mon Apr 30 22:30:09 +0000 2018,0.0,1.0,0.0,48,"Can't understand clickable online contracts? It's time to legislate them away: Don Pittis
 https://t.co/UL6D54y0VQ https://t.co/GhjuZVJtbS",@cbcnews
49,-0.1531,Mon Apr 30 22:00:16 +0000 2018,0.151,0.729,0.12,49,"Iran continues to preserve and expand its nuclear weapons program, says Israeli PM Benjamin Netanyahu https://t.co/znQD2sbmxX",@cbcnews
50,0.0,Mon Apr 30 21:30:10 +0000 2018,0.0,1.0,0.0,50,"""It's normal for the [Canada Revenue Agency] to do reassessments, but it's not normal to reassess someone 10 times… https://t.co/lMU3K46WAY",@cbcnews
51,-0.0516,Mon Apr 30 21:00:02 +0000 2018,0.079,0.921,0.0,51,A UN delegation will closely monitor the seriousness of Myanmar's efforts to repatriate the Rohingya. https://t.co/lMoQZQ5yBH,@cbcnews
52,0.0,Mon Apr 30 20:30:11 +0000 2018,0.0,1.0,0.0,52,Human body discovered inside wall of public washroom at downtown Calgary mall https://t.co/wcSNCyPIuf,@cbcnews
53,0.0,Mon Apr 30 20:00:33 +0000 2018,0.0,1.0,0.0,53,"With Italian coalition talks foundering, the Five Star Movement is floating the idea of another election. https://t.co/DedxiC4kFz",@cbcnews
54,0.0,Mon Apr 30 19:30:08 +0000 2018,0.0,1.0,0.0,54,"RT @CBCWorldNews: Schools fret as teens take to vaping, even in class https://t.co/irELDyaXFK https://t.co/BaAczqvY97",@cbcnews
55,-0.6908,Mon Apr 30 19:00:29 +0000 2018,0.231,0.769,0.0,55,A Manitoba man has been charged with three counts of impaired driving causing death after three boys were hit by a… https://t.co/J9spqD2qJ2,@cbcnews
56,0.4019,Mon Apr 30 18:37:11 +0000 2018,0.0,0.87,0.13,56,RT @CBCPolitics: Follow Question Period : Watch live as opposition parties question the government in the House of Commons. https://t.co/VG…,@cbcnews
57,0.0,Mon Apr 30 18:30:06 +0000 2018,0.0,1.0,0.0,57,"Ontario PC leader Doug Ford: ""We will open up the Greenbelt — not all of it, but we're going to open a big chunk of… https://t.co/WQZ3nZadtJ",@cbcnews
58,-0.0772,Mon Apr 30 18:00:18 +0000 2018,0.075,0.925,0.0,58,"Donald Trump imposed a May 1 cutoff for steel and aluminum tariff exemptions for U.S. allies, including Canada. https://t.co/zpaXbf1oO4",@cbcnews
59,0.0,Mon Apr 30 17:45:32 +0000 2018,0.0,1.0,0.0,59,RT @CBCCalgary: Body found inside wall of washroom at Calgary shopping mall https://t.co/o8hnnrcNTo,@cbcnews
60,0.1779,Mon Apr 30 17:36:53 +0000 2018,0.0,0.884,0.116,60,"RT @CBCBusiness: Trudeau announces Amazon bringing 3,000 new tech jobs to Vancouver https://t.co/Q8p2UZegfU https://t.co/FCpzbxPNg3",@cbcnews
61,0.0,Mon Apr 30 17:30:08 +0000 2018,0.0,1.0,0.0,61,RT @hockeynight: BREAKING | Maple Leafs say Lou Lamoriello will not return as GM next season https://t.co/3GgAsJcTNY https://t.co/RIJSFEEszE,@cbcnews
62,-0.4404,Mon Apr 30 17:22:28 +0000 2018,0.139,0.861,0.0,62,RT @CBCAlerts: Israel claims 'irrefutable' proof of clandestine Iranian nuclear weapons program. PM Benjamin Netanyahu says Israel has unco…,@cbcnews
63,0.0,Mon Apr 30 17:00:18 +0000 2018,0.0,1.0,0.0,63,The youngest member of the jury that convicted Bill Cosby said the comedian's own words sealed his fate. https://t.co/iU9U4O0KCc,@cbcnews
64,0.1779,Mon Apr 30 16:34:18 +0000 2018,0.0,0.884,0.116,64,RT @CBCPolitics: Justin Trudeau to make announcement with Amazon LIVE https://t.co/I5qKuqivsW #hw #cdnpoli https://t.co/UkmctvG3ih,@cbcnews
65,0.0,Mon Apr 30 16:30:32 +0000 2018,0.0,1.0,0.0,65,"Revenue Canada demoted this Halifax sculptor to ""hobby artist"" status and gave him a $14,000 tax bill.  https://t.co/m2ZhjlGHgf @Witherscbc",@cbcnews
66,0.0,Mon Apr 30 16:28:30 +0000 2018,0.0,1.0,0.0,66,RT @CBCAlerts: Both Dale Kirby and Eddie Joyce will sit as Independents in Newfoundland and Labrador's House of Assembly. 'This is not abou…,@cbcnews
67,0.0,Mon Apr 30 16:14:08 +0000 2018,0.0,1.0,0.0,67,RT @CBCToronto: BREAKING: Court dismisses Const. James Forcillo's appeal of conviction in Sammy Yatim case https://t.co/4X6SyfVwIs https://…,@cbcnews
68,0.0,Mon Apr 30 16:10:00 +0000 2018,0.0,1.0,0.0,68,RT @CBCLorenda: Update: the Ontario Court of Appeal dismisses the appeal by Const. James Forcillo in the streetcar shooting of Sammy Yatim…,@cbcnews
69,0.0,Mon Apr 30 16:07:51 +0000 2018,0.0,1.0,0.0,69,"RT @CBCAlerts: Lou Lamoriello not returning as general manager, Toronto Maple Leafs confirm. Lamoriello, 75, has been running the team sinc…",@cbcnews
70,0.0,Mon Apr 30 16:01:49 +0000 2018,0.0,1.0,0.0,70,"RT @CBCAlerts: Newfoundland and Labrador Premier Dwight Ball has just said goodbye to another cabinet minister.  Until this morning, Dale K…",@cbcnews
71,0.0,Mon Apr 30 16:00:57 +0000 2018,0.0,1.0,0.0,71,"#Analysis: While there's still a focus on the bottom line, most Albertans are socially progressive https://t.co/06iVuxfRFZ",@cbcnews
72,-0.6908,Mon Apr 30 15:55:00 +0000 2018,0.231,0.769,0.0,72,RT @CBCAlerts: Manitoba man charged with 3 counts of impaired driving causing death after 3 boys hit by car on Nisichawayasihk Cree Nation…,@cbcnews
73,-0.4767,Mon Apr 30 15:30:14 +0000 2018,0.147,0.853,0.0,73,#Opinion: Ontario has taken necessary steps to eliminate the use of solitary confinement for those suffering with m… https://t.co/d7Np7k4KFu,@cbcnews
74,0.0,Mon Apr 30 15:00:04 +0000 2018,0.0,1.0,0.0,74,Forensic investigators in Ontario go through several steps to scientifically confirm the identity of someone who ha… https://t.co/sPI29vTyyh,@cbcnews
75,0.0,Mon Apr 30 14:30:21 +0000 2018,0.0,1.0,0.0,75,"Spring flooding in B.C., Alberta, Que., N.B. prompts evacuation orders in some communities https://t.co/INCyxKmlCB",@cbcnews
76,0.3182,Mon Apr 30 14:24:49 +0000 2018,0.0,0.901,0.099,76,RT @CBCIndigenous: Truth and Reconciliation Call to Action 25: Reaffirm the independence of the RCMP to investigate crimes in which the gov…,@cbcnews
77,0.0,Mon Apr 30 14:22:07 +0000 2018,0.0,1.0,0.0,77,RT @CBCNB: Follow the latest coverage from @TWeldonCBC https://t.co/zNesE3cGQf,@cbcnews
78,0.5267,Mon Apr 30 14:15:07 +0000 2018,0.0,0.815,0.185,78,"RT @CBCNL: NEW | Passionate about pickleball: Unique sport has a diverse following in St. John's

https://t.co/uIwzfffwvf https://t.co/eYeG…",@cbcnews
79,0.0,Mon Apr 30 14:00:42 +0000 2018,0.0,1.0,0.0,79,"Cattle-rearing accountant investigated for possibly fudging 1,400 tax returns https://t.co/YJfBp9huvO",@cbcnews
80,0.0,Mon Apr 30 13:45:05 +0000 2018,0.0,1.0,0.0,80,China presses Canada over illicit marijuana imports https://t.co/41b80661Yi,@cbcnews
81,-0.1779,Mon Apr 30 13:32:01 +0000 2018,0.256,0.569,0.175,81,"⚡️ Thousands gathered at vigil to honour Toronto van attack victims

https://t.co/uwXbrCkQbD @mtaruc @davidcommon… https://t.co/9k1oV7RZy9",@cbcnews
82,-0.4767,Mon Apr 30 13:30:21 +0000 2018,0.256,0.744,0.0,82,The Yonge Street van attack in Toronto: 1 week later https://t.co/S3pxncAkD4,@cbcnews
83,-0.1779,Mon Apr 30 13:18:34 +0000 2018,0.215,0.637,0.147,83,Thousands gathered on Toronto's Yonge Street to honour victims of the deadly van attack that rattled Canada's large… https://t.co/AbkRR9euIs,@cbcnews
84,0.0,Mon Apr 30 13:15:00 +0000 2018,0.0,1.0,0.0,84,The TSX shut itself down early on Friday because of a technical issue. Its operator says everything should be norma… https://t.co/2nRlazJ86a,@cbcnews
85,0.4404,Mon Apr 30 13:00:22 +0000 2018,0.0,0.83,0.17,85,"Pop quiz: what does 30 grams of marijuana look like?

That's the maximum a person can legally possess in a public p… https://t.co/7Ih15f1UDo",@cbcnews
86,0.1027,Mon Apr 30 12:30:11 +0000 2018,0.127,0.727,0.145,86,A new report says the key to motivating everybody to reduce their waste is to provide financial incentives.… https://t.co/M310RR2hgg,@cbcnews
87,0.0772,Mon Apr 30 12:00:08 +0000 2018,0.0,0.92,0.08,87,"RT @cbcsports: Raptors 'want to be the team' that knocks off LeBron James, Cavs https://t.co/rEl4kPJrMz https://t.co/Uv5CP3ALZI",@cbcnews
88,0.0,Mon Apr 30 11:59:27 +0000 2018,0.0,1.0,0.0,88,RT @CBCWorldReport: Watch @nilkoksalcbc as she debuts as the new host of @CBCWorldReport https://t.co/rgVYsOCLhe,@cbcnews
89,-0.743,Mon Apr 30 11:45:09 +0000 2018,0.326,0.674,0.0,89,RT @CBCToronto: Police investigate alleged assault on guards at Toronto South Detention Centre https://t.co/24PamCcf1o https://t.co/0Snsi2X…,@cbcnews
90,0.0,Mon Apr 30 11:38:36 +0000 2018,0.0,1.0,0.0,90,RT @CBCAlerts: Dozen of streets are closed and provincial offices are shut in downtown Fredericton as flood waters linger in the New Brunsw…,@cbcnews
91,0.0,Mon Apr 30 11:30:06 +0000 2018,0.0,1.0,0.0,91,#Analysis: Can't understand clickable online contracts? It's time to legislate them away. https://t.co/UL6D54y0VQ @don_pittis,@cbcnews
92,0.3987,Mon Apr 30 11:25:28 +0000 2018,0.0,0.882,0.118,92,RT @nilkoksalcbc: Surprise! We'll also be live right here at 0800EST w/ the next edition of @CBCWorldReport ! Talk to you soon...,@cbcnews
93,-0.5423,Mon Apr 30 11:15:16 +0000 2018,0.2,0.8,0.0,93,New York Times journalist doggedly investigated sexual harassment allegations against Fox News icon. https://t.co/oC95ORBA8A @tarannumsaurus,@cbcnews
94,0.0,Mon Apr 30 11:04:47 +0000 2018,0.0,1.0,0.0,94,7/7 Get the Morning Brief in your inbox each morning. Sign up here: https://t.co/euWkx8Bq21 https://t.co/2Cvx2SV5nc,@cbcnews
95,-0.6705,Mon Apr 30 11:04:47 +0000 2018,0.374,0.503,0.123,95,6/7 Spoiler alert: Avengers: Infinity War broke box office records. https://t.co/Loaw1q11Do https://t.co/zKQhlyY3u8,@cbcnews
96,-0.34,Mon Apr 30 11:04:47 +0000 2018,0.138,0.862,0.0,96,"5/7 The government wants to remove lead from ammunition, and gun owners are opposed. https://t.co/Loaw1q11Do https://t.co/SCR91JXY38",@cbcnews
97,-0.7351,Mon Apr 30 11:04:46 +0000 2018,0.323,0.677,0.0,97,"4/7 A Manitoba community is in ""a state of shock"" after three boys died. https://t.co/Loaw1q11Do https://t.co/kpcVJpV0QD",@cbcnews
98,0.0,Mon Apr 30 11:04:45 +0000 2018,0.0,1.0,0.0,98,3/7 How to police pot https://t.co/Loaw1q11Do https://t.co/2JfgOLLkgZ,@cbcnews
99,0.0,Mon Apr 30 11:04:45 +0000 2018,0.0,1.0,0.0,99,"2/7 Toronto, a week later https://t.co/Loaw1q11Do https://t.co/ODlvfSJ3gW",@cbcnews
100,-0.4767,Tue May 01 16:30:37 +0000 2018,0.237,0.763,0.0,100,"""You already stole my gas. Now you ruined my vehicle."" https://t.co/N73cBdPxEu",@cbcnews
101,0.7003,Tue May 01 16:00:47 +0000 2018,0.0,0.734,0.266,101,There is a disparity between popularity of Alberta's party leaders — Rachel Notley and Jason Kenney — and the popul… https://t.co/35cai5rdGr,@cbcnews
102,-0.7351,Tue May 01 15:45:04 +0000 2018,0.323,0.677,0.0,102,RT @CBCNL: BREAKING: MHA Pam Parsons goes to police with harassment complaints https://t.co/QyTrmeocAR #nlpoli https://t.co/bEE0GF4CdX,@cbcnews
103,0.1027,Tue May 01 15:30:37 +0000 2018,0.0,0.924,0.076,103,Israel's prime minister gave a PowerPoint presentation at the country's defence headquarters in Tel Aviv. But it se… https://t.co/c4MqETK9oQ,@cbcnews
104,0.0,Tue May 01 15:15:05 +0000 2018,0.0,1.0,0.0,104,RT @CBCBusiness: 'We're in the money' — CEO sings showtunes after buying grocery chain from Walmart https://t.co/23C6cG8BOa https://t.co/pv…,@cbcnews
105,-0.8779,Tue May 01 15:00:31 +0000 2018,0.408,0.502,0.091,105,"#Opinion: If Canada truly wants to decrease gun violence, we must start by considering all types of gun violence —… https://t.co/eIka4hXa4t",@cbcnews
106,-0.7351,Tue May 01 14:56:47 +0000 2018,0.256,0.744,0.0,106,RT @CBCNL: BREAKING: Liberal MHA Colin Holloway files harassment complaints against ousted cabinet ministers Eddie Joyce and Dale Kirby.  #…,@cbcnews
107,-0.7783,Tue May 01 14:30:20 +0000 2018,0.274,0.726,0.0,107,"Cathy Bennett says she was intimidated within the N.L. Liberal caucus and cabinet, and was subjected to bullying, i… https://t.co/NCpLwLGMeW",@cbcnews
108,-0.1027,Tue May 01 14:15:12 +0000 2018,0.146,0.73,0.124,108,RT @CBCPolitics: Emergency alert test will ping your cellphone next week https://t.co/QlPDP0RdgT #hw #cdnpoli https://t.co/9wMWLKRNih,@cbcnews
109,-0.5267,Tue May 01 14:00:06 +0000 2018,0.152,0.848,0.0,109,"Ashley Judd has sued Harvey Weinstein, saying the former movie mogul hurt her acting career in retaliation for her… https://t.co/YeZm2emFxO",@cbcnews
110,-0.6597,Tue May 01 13:30:00 +0000 2018,0.265,0.735,0.0,110,An abandoned highrise building occupied by squatters in downtown Sao Paulo has caught fire and collapsed.… https://t.co/cURp0lLae7,@cbcnews
111,0.0,Tue May 01 13:28:49 +0000 2018,0.0,1.0,0.0,111,"RT @thomasdaigle: Windsor, T minus 18 days https://t.co/gxU0LnbBgf",@cbcnews
112,0.0,Tue May 01 13:23:41 +0000 2018,0.0,1.0,0.0,112,"RT @CBCAlerts: UPDATE: Musicals ""Mean Girls"" and ""SpongeBob SquarePants"" each received 12 Tony nominations, while 11 nominations each went…",@cbcnews
113,0.4019,Tue May 01 13:13:24 +0000 2018,0.0,0.769,0.231,113,RT @CBCIndigenous: AFN Special Chiefs Assembly Opening Ceremonies LIVE https://t.co/Ah8UJR0O7h,@cbcnews
114,-0.2732,Tue May 01 13:00:38 +0000 2018,0.203,0.691,0.106,114,The rival Koreas have dismantled huge Cold War-era loudspeakers used to blare propaganda across their tense border. https://t.co/OQFtUglzTh,@cbcnews
115,-0.4767,Tue May 01 12:30:14 +0000 2018,0.14,0.86,0.0,115,Someone using the name of a paralyzed Humboldt Broncos player set up a fake Twitter account and sought money for a… https://t.co/1qjxp9Et6V,@cbcnews
116,0.0,Tue May 01 12:25:11 +0000 2018,0.0,1.0,0.0,116,"RT @CBCEnt: Could Harry Potter, Mean Girls and Frozen land Tony nods today? https://t.co/R66GUvWySu https://t.co/HFsgfwOiht",@cbcnews
117,0.0,Tue May 01 12:09:42 +0000 2018,0.0,1.0,0.0,117,"RT @CBCAlerts: Prince Louis of Cambridge's birth has been officially registered. Photo of his birth certificate, signed today by his father…",@cbcnews
118,0.0,Tue May 01 12:00:36 +0000 2018,0.0,1.0,0.0,118,A new book by the former Canadian commander in Afghanistan explores Operation Medusa and the politics that surround… https://t.co/tk1AvQEF4G,@cbcnews
119,0.0,Tue May 01 11:28:30 +0000 2018,0.0,1.0,0.0,119,7/7 Get the Morning Brief in your inbox each morning. Sign up here: https://t.co/euWkx8Bq21 https://t.co/YHlOxPDRTW,@cbcnews
120,-0.4215,Tue May 01 11:28:30 +0000 2018,0.219,0.781,0.0,120,6/7 Benjamin Netanyahu said Iran broke the nuclear deal. https://t.co/32yoVp0rF3 https://t.co/pbWr67hVHx,@cbcnews
121,0.0,Tue May 01 11:28:29 +0000 2018,0.0,1.0,0.0,121,5/7 Canada's government wants to change election law. https://t.co/32yoVp0rF3 https://t.co/hfDCdNsmxR,@cbcnews
122,0.0,Tue May 01 11:28:29 +0000 2018,0.0,1.0,0.0,122,4/7 Canada helped dig up evidence to extradite Hassan Diab. https://t.co/32yoVp0rF3 https://t.co/D1aNYwpfPZ,@cbcnews
123,0.0,Tue May 01 11:28:28 +0000 2018,0.0,1.0,0.0,123,"3/7 Water, water everywhere. https://t.co/32yoVp0rF3 https://t.co/PcLRpzEdLi",@cbcnews
124,0.0,Tue May 01 11:28:28 +0000 2018,0.0,1.0,0.0,124,2/7 Some Canadians are getting hit with a Trump tax bill. https://t.co/32yoVp0rF3 https://t.co/1vcCNW86Ll,@cbcnews
125,0.4926,Tue May 01 11:28:27 +0000 2018,0.0,0.814,0.186,125,1/7 Good morning! Here's the news you need to start your day today. https://t.co/32yoVp0rF3 https://t.co/txq2NT01R9,@cbcnews
126,0.1531,Tue May 01 11:15:01 +0000 2018,0.0,0.873,0.127,126,Trains may start hauling raw oilsands bitumen as a solid material. https://t.co/91TuJwDRKX @KyleBakx,@cbcnews
127,-0.5994,Tue May 01 11:00:22 +0000 2018,0.196,0.804,0.0,127,"Donald Trump — who once sympathized with violent white nationalists, implored a crowd at a campaign rally to ""knock… https://t.co/hYZ4vtDGeq",@cbcnews
128,-0.8316,Tue May 01 10:30:30 +0000 2018,0.317,0.683,0.0,128,Canada helped France dig up evidence to extradite an Ottawa man who spent three years in prison on terror charges a… https://t.co/G71gGvGDgc,@cbcnews
129,-0.2263,Tue May 01 10:00:22 +0000 2018,0.16,0.84,0.0,129,Porn actress Stormy Daniels files defamation lawsuit against President Trump https://t.co/vmpp5jTMiu,@cbcnews
130,0.0,Tue May 01 09:00:19 +0000 2018,0.0,1.0,0.0,130,Detroit finally emerges from post-bankruptcy oversight of finances https://t.co/Nx6iuq9QDC,@cbcnews
131,0.0,Tue May 01 08:00:23 +0000 2018,0.0,1.0,0.0,131,Most analysts foresee 2 or 3 additional increases in the Fed's benchmark rate by year's end https://t.co/qXk15cKcDI,@cbcnews
132,-0.128,Tue May 01 07:00:12 +0000 2018,0.176,0.824,0.0,132,Wall Street lowers iPhone sales revenue expectations https://t.co/TH5s3ov1Tm,@cbcnews
133,-0.6486,Tue May 01 06:00:10 +0000 2018,0.417,0.583,0.0,133,Actress Pamela Gidley dead at 52 https://t.co/lFU0pGUW53,@cbcnews
134,0.0258,Tue May 01 05:00:07 +0000 2018,0.235,0.588,0.176,134,"Home cultivation of marijuana plants could undermine property values, realtors warn https://t.co/eENQDMKo4L",@cbcnews
135,0.0,Tue May 01 04:00:07 +0000 2018,0.0,1.0,0.0,135,"Trudeau government proposes major changes to Canadian elections law, including campaign length and spending limits https://t.co/sodCkq0Rx3",@cbcnews
136,0.0,Tue May 01 03:00:01 +0000 2018,0.0,1.0,0.0,136,"Thousands of Canadians facing massive tax bills because of Trump's December tax reforms, CBC News has learned https://t.co/hIFpzOW3sT",@cbcnews
137,-0.6369,Tue May 01 02:30:00 +0000 2018,0.259,0.741,0.0,137,Time's Up campaign takes aim at R. Kelly over sexual abuse allegations https://t.co/uqxauUVdwA,@cbcnews
138,0.872,Tue May 01 02:00:18 +0000 2018,0.0,0.579,0.421,138,"Air Canada's new loyalty program will help to attract more foreign investors and bolster company's share price, CEO… https://t.co/9wnWsANVNj",@cbcnews
139,0.0,Tue May 01 01:30:25 +0000 2018,0.0,1.0,0.0,139,"Federal government's carbon pricing plan could eliminate up to 90 million tonnes of carbon dioxide by 2022, Environ… https://t.co/7UAf7pWklH",@cbcnews
140,-0.4215,Tue May 01 01:00:34 +0000 2018,0.203,0.797,0.0,140,"Governing Liberals crushed by Conservatives in first-quarter fundraising, new numbers show https://t.co/XDhyGwIlGY",@cbcnews
141,0.0,Tue May 01 00:59:29 +0000 2018,0.0,1.0,0.0,141,RT @CBCTheNational: Watch #CBCTheNational LIVE for Apr. 30 https://t.co/91NxJNmOHF,@cbcnews
142,0.0,Tue May 01 00:30:23 +0000 2018,0.1,0.8,0.1,142,"With legal pot looming, officials working on new training tools for Canada's cops
 https://t.co/dJuRXwjcyb",@cbcnews
143,-0.7906,Tue May 01 00:00:07 +0000 2018,0.318,0.682,0.0,143,"In wake of Toronto van attack, experts wonder what Canada is doing to address violent extremism https://t.co/4Px3dQZVA5",@cbcnews
144,0.0,Mon Apr 30 23:31:52 +0000 2018,0.0,1.0,0.0,144,LIVE Q&amp;A: Does Canada need election reform? Should expats be allowed to vote? @carolemacneil and panellists… https://t.co/vTalNYIY6O,@cbcnews
145,-0.8834,Mon Apr 30 23:30:09 +0000 2018,0.484,0.516,0.0,145,Iranian media gives conflicting reports about missile attack that killed 26 in Syria https://t.co/Yk5zAEi5th,@cbcnews
146,0.0,Mon Apr 30 23:19:59 +0000 2018,0.0,1.0,0.0,146,RT @carolemacneil: Does Canada need election reform? Should expats be allowed to vote? The Liberal government proposed major changes to ele…,@cbcnews
147,0.0,Mon Apr 30 23:00:06 +0000 2018,0.0,1.0,0.0,147,"U.S. says border crossing doesn't have room for caravan of asylum seekers
 https://t.co/BW5CEllA5v https://t.co/VcQSwwdqpb",@cbcnews
148,0.0,Mon Apr 30 22:30:09 +0000 2018,0.0,1.0,0.0,148,"Can't understand clickable online contracts? It's time to legislate them away: Don Pittis
 https://t.co/UL6D54y0VQ https://t.co/GhjuZVJtbS",@cbcnews
149,-0.1531,Mon Apr 30 22:00:16 +0000 2018,0.151,0.729,0.12,149,"Iran continues to preserve and expand its nuclear weapons program, says Israeli PM Benjamin Netanyahu https://t.co/znQD2sbmxX",@cbcnews
150,0.0,Mon Apr 30 21:30:10 +0000 2018,0.0,1.0,0.0,150,"""It's normal for the [Canada Revenue Agency] to do reassessments, but it's not normal to reassess someone 10 times… https://t.co/lMU3K46WAY",@cbcnews
151,-0.0516,Mon Apr 30 21:00:02 +0000 2018,0.079,0.921,0.0,151,A UN delegation will closely monitor the seriousness of Myanmar's efforts to repatriate the Rohingya. https://t.co/lMoQZQ5yBH,@cbcnews
152,0.0,Mon Apr 30 20:30:11 +0000 2018,0.0,1.0,0.0,152,Human body discovered inside wall of public washroom at downtown Calgary mall https://t.co/wcSNCyPIuf,@cbcnews
153,0.0,Mon Apr 30 20:00:33 +0000 2018,0.0,1.0,0.0,153,"With Italian coalition talks foundering, the Five Star Movement is floating the idea of another election. https://t.co/DedxiC4kFz",@cbcnews
154,0.0,Mon Apr 30 19:30:08 +0000 2018,0.0,1.0,0.0,154,"RT @CBCWorldNews: Schools fret as teens take to vaping, even in class https://t.co/irELDyaXFK https://t.co/BaAczqvY97",@cbcnews
155,-0.6908,Mon Apr 30 19:00:29 +0000 2018,0.231,0.769,0.0,155,A Manitoba man has been charged with three counts of impaired driving causing death after three boys were hit by a… https://t.co/J9spqD2qJ2,@cbcnews
156,0.4019,Mon Apr 30 18:37:11 +0000 2018,0.0,0.87,0.13,156,RT @CBCPolitics: Follow Question Period : Watch live as opposition parties question the government in the House of Commons. https://t.co/VG…,@cbcnews
157,0.0,Mon Apr 30 18:30:06 +0000 2018,0.0,1.0,0.0,157,"Ontario PC leader Doug Ford: ""We will open up the Greenbelt — not all of it, but we're going to open a big chunk of… https://t.co/WQZ3nZadtJ",@cbcnews
158,-0.0772,Mon Apr 30 18:00:18 +0000 2018,0.075,0.925,0.0,158,"Donald Trump imposed a May 1 cutoff for steel and aluminum tariff exemptions for U.S. allies, including Canada. https://t.co/zpaXbf1oO4",@cbcnews
159,0.0,Mon Apr 30 17:45:32 +0000 2018,0.0,1.0,0.0,159,RT @CBCCalgary: Body found inside wall of washroom at Calgary shopping mall https://t.co/o8hnnrcNTo,@cbcnews
160,0.1779,Mon Apr 30 17:36:53 +0000 2018,0.0,0.884,0.116,160,"RT @CBCBusiness: Trudeau announces Amazon bringing 3,000 new tech jobs to Vancouver https://t.co/Q8p2UZegfU https://t.co/FCpzbxPNg3",@cbcnews
161,0.0,Mon Apr 30 17:30:08 +0000 2018,0.0,1.0,0.0,161,RT @hockeynight: BREAKING | Maple Leafs say Lou Lamoriello will not return as GM next season https://t.co/3GgAsJcTNY https://t.co/RIJSFEEszE,@cbcnews
162,-0.4404,Mon Apr 30 17:22:28 +0000 2018,0.139,0.861,0.0,162,RT @CBCAlerts: Israel claims 'irrefutable' proof of clandestine Iranian nuclear weapons program. PM Benjamin Netanyahu says Israel has unco…,@cbcnews
163,0.0,Mon Apr 30 17:00:18 +0000 2018,0.0,1.0,0.0,163,The youngest member of the jury that convicted Bill Cosby said the comedian's own words sealed his fate. https://t.co/iU9U4O0KCc,@cbcnews
164,0.1779,Mon Apr 30 16:34:18 +0000 2018,0.0,0.884,0.116,164,RT @CBCPolitics: Justin Trudeau to make announcement with Amazon LIVE https://t.co/I5qKuqivsW #hw #cdnpoli https://t.co/UkmctvG3ih,@cbcnews
165,0.0,Mon Apr 30 16:30:32 +0000 2018,0.0,1.0,0.0,165,"Revenue Canada demoted this Halifax sculptor to ""hobby artist"" status and gave him a $14,000 tax bill.  https://t.co/m2ZhjlGHgf @Witherscbc",@cbcnews
166,0.0,Mon Apr 30 16:28:30 +0000 2018,0.0,1.0,0.0,166,RT @CBCAlerts: Both Dale Kirby and Eddie Joyce will sit as Independents in Newfoundland and Labrador's House of Assembly. 'This is not abou…,@cbcnews
167,0.0,Mon Apr 30 16:14:08 +0000 2018,0.0,1.0,0.0,167,RT @CBCToronto: BREAKING: Court dismisses Const. James Forcillo's appeal of conviction in Sammy Yatim case https://t.co/4X6SyfVwIs https://…,@cbcnews
168,0.0,Mon Apr 30 16:10:00 +0000 2018,0.0,1.0,0.0,168,RT @CBCLorenda: Update: the Ontario Court of Appeal dismisses the appeal by Const. James Forcillo in the streetcar shooting of Sammy Yatim…,@cbcnews
169,0.0,Mon Apr 30 16:07:51 +0000 2018,0.0,1.0,0.0,169,"RT @CBCAlerts: Lou Lamoriello not returning as general manager, Toronto Maple Leafs confirm. Lamoriello, 75, has been running the team sinc…",@cbcnews
170,0.0,Mon Apr 30 16:01:49 +0000 2018,0.0,1.0,0.0,170,"RT @CBCAlerts: Newfoundland and Labrador Premier Dwight Ball has just said goodbye to another cabinet minister.  Until this morning, Dale K…",@cbcnews
171,0.0,Mon Apr 30 16:00:57 +0000 2018,0.0,1.0,0.0,171,"#Analysis: While there's still a focus on the bottom line, most Albertans are socially progressive https://t.co/06iVuxfRFZ",@cbcnews
172,-0.6908,Mon Apr 30 15:55:00 +0000 2018,0.231,0.769,0.0,172,RT @CBCAlerts: Manitoba man charged with 3 counts of impaired driving causing death after 3 boys hit by car on Nisichawayasihk Cree Nation…,@cbcnews
173,-0.4767,Mon Apr 30 15:30:14 +0000 2018,0.147,0.853,0.0,173,#Opinion: Ontario has taken necessary steps to eliminate the use of solitary confinement for those suffering with m… https://t.co/d7Np7k4KFu,@cbcnews
174,0.0,Mon Apr 30 15:00:04 +0000 2018,0.0,1.0,0.0,174,Forensic investigators in Ontario go through several steps to scientifically confirm the identity of someone who ha… https://t.co/sPI29vTyyh,@cbcnews
175,0.0,Mon Apr 30 14:30:21 +0000 2018,0.0,1.0,0.0,175,"Spring flooding in B.C., Alberta, Que., N.B. prompts evacuation orders in some communities https://t.co/INCyxKmlCB",@cbcnews
176,0.3182,Mon Apr 30 14:24:49 +0000 2018,0.0,0.901,0.099,176,RT @CBCIndigenous: Truth and Reconciliation Call to Action 25: Reaffirm the independence of the RCMP to investigate crimes in which the gov…,@cbcnews
177,0.0,Mon Apr 30 14:22:07 +0000 2018,0.0,1.0,0.0,177,RT @CBCNB: Follow the latest coverage from @TWeldonCBC https://t.co/zNesE3cGQf,@cbcnews
178,0.5267,Mon Apr 30 14:15:07 +0000 2018,0.0,0.815,0.185,178,"RT @CBCNL: NEW | Passionate about pickleball: Unique sport has a diverse following in St. John's

https://t.co/uIwzfffwvf https://t.co/eYeG…",@cbcnews
179,0.0,Mon Apr 30 14:00:42 +0000 2018,0.0,1.0,0.0,179,"Cattle-rearing accountant investigated for possibly fudging 1,400 tax returns https://t.co/YJfBp9huvO",@cbcnews
180,0.0,Mon Apr 30 13:45:05 +0000 2018,0.0,1.0,0.0,180,China presses Canada over illicit marijuana imports https://t.co/41b80661Yi,@cbcnews
181,-0.1779,Mon Apr 30 13:32:01 +0000 2018,0.256,0.569,0.175,181,"⚡️ Thousands gathered at vigil to honour Toronto van attack victims

https://t.co/uwXbrCkQbD @mtaruc @davidcommon… https://t.co/9k1oV7RZy9",@cbcnews
182,-0.4767,Mon Apr 30 13:30:21 +0000 2018,0.256,0.744,0.0,182,The Yonge Street van attack in Toronto: 1 week later https://t.co/S3pxncAkD4,@cbcnews
183,-0.1779,Mon Apr 30 13:18:34 +0000 2018,0.215,0.637,0.147,183,Thousands gathered on Toronto's Yonge Street to honour victims of the deadly van attack that rattled Canada's large… https://t.co/AbkRR9euIs,@cbcnews
184,0.0,Mon Apr 30 13:15:00 +0000 2018,0.0,1.0,0.0,184,The TSX shut itself down early on Friday because of a technical issue. Its operator says everything should be norma… https://t.co/2nRlazJ86a,@cbcnews
185,0.4404,Mon Apr 30 13:00:22 +0000 2018,0.0,0.83,0.17,185,"Pop quiz: what does 30 grams of marijuana look like?

That's the maximum a person can legally possess in a public p… https://t.co/7Ih15f1UDo",@cbcnews
186,0.1027,Mon Apr 30 12:30:11 +0000 2018,0.127,0.727,0.145,186,A new report says the key to motivating everybody to reduce their waste is to provide financial incentives.… https://t.co/M310RR2hgg,@cbcnews
187,0.0772,Mon Apr 30 12:00:08 +0000 2018,0.0,0.92,0.08,187,"RT @cbcsports: Raptors 'want to be the team' that knocks off LeBron James, Cavs https://t.co/rEl4kPJrMz https://t.co/Uv5CP3ALZI",@cbcnews
188,0.0,Mon Apr 30 11:59:27 +0000 2018,0.0,1.0,0.0,188,RT @CBCWorldReport: Watch @nilkoksalcbc as she debuts as the new host of @CBCWorldReport https://t.co/rgVYsOCLhe,@cbcnews
189,-0.743,Mon Apr 30 11:45:09 +0000 2018,0.326,0.674,0.0,189,RT @CBCToronto: Police investigate alleged assault on guards at Toronto South Detention Centre https://t.co/24PamCcf1o https://t.co/0Snsi2X…,@cbcnews
190,0.0,Mon Apr 30 11:38:36 +0000 2018,0.0,1.0,0.0,190,RT @CBCAlerts: Dozen of streets are closed and provincial offices are shut in downtown Fredericton as flood waters linger in the New Brunsw…,@cbcnews
191,0.0,Mon Apr 30 11:30:06 +0000 2018,0.0,1.0,0.0,191,#Analysis: Can't understand clickable online contracts? It's time to legislate them away. https://t.co/UL6D54y0VQ @don_pittis,@cbcnews
192,0.3987,Mon Apr 30 11:25:28 +0000 2018,0.0,0.882,0.118,192,RT @nilkoksalcbc: Surprise! We'll also be live right here at 0800EST w/ the next edition of @CBCWorldReport ! Talk to you soon...,@cbcnews
193,-0.5423,Mon Apr 30 11:15:16 +0000 2018,0.2,0.8,0.0,193,New York Times journalist doggedly investigated sexual harassment allegations against Fox News icon. https://t.co/oC95ORBA8A @tarannumsaurus,@cbcnews
194,0.0,Mon Apr 30 11:04:47 +0000 2018,0.0,1.0,0.0,194,7/7 Get the Morning Brief in your inbox each morning. Sign up here: https://t.co/euWkx8Bq21 https://t.co/2Cvx2SV5nc,@cbcnews
195,-0.6705,Mon Apr 30 11:04:47 +0000 2018,0.374,0.503,0.123,195,6/7 Spoiler alert: Avengers: Infinity War broke box office records. https://t.co/Loaw1q11Do https://t.co/zKQhlyY3u8,@cbcnews
196,-0.34,Mon Apr 30 11:04:47 +0000 2018,0.138,0.862,0.0,196,"5/7 The government wants to remove lead from ammunition, and gun owners are opposed. https://t.co/Loaw1q11Do https://t.co/SCR91JXY38",@cbcnews
197,-0.7351,Mon Apr 30 11:04:46 +0000 2018,0.323,0.677,0.0,197,"4/7 A Manitoba community is in ""a state of shock"" after three boys died. https://t.co/Loaw1q11Do https://t.co/kpcVJpV0QD",@cbcnews
198,0.0,Mon Apr 30 11:04:45 +0000 2018,0.0,1.0,0.0,198,3/7 How to police pot https://t.co/Loaw1q11Do https://t.co/2JfgOLLkgZ,@cbcnews
199,0.0,Mon Apr 30 11:04:45 +0000 2018,0.0,1.0,0.0,199,"2/7 Toronto, a week later https://t.co/Loaw1q11Do https://t.co/ODlvfSJ3gW",@cbcnews
200,0.4926,Mon Apr 30 11:04:44 +0000 2018,0.0,0.814,0.186,200,1/7 Good morning! Here's the news you need to start your day today. https://t.co/Loaw1q11Do https://t.co/fP8psXA1Yh,@cbcnews
201,0.5481,Mon Apr 30 11:00:06 +0000 2018,0.084,0.682,0.234,201,"Customer takes Bell to court and wins, as judge agrees telecom giant can't promise a price, then change it… https://t.co/Qqz3X9gX5u",@cbcnews
202,-0.891,Mon Apr 30 10:45:34 +0000 2018,0.371,0.629,0.0,202,"RT @CBCAlerts: Afghanistan has suffered 2 major attacks. A pair of bombs in Kabul killed 25 people, including 8 journalists who rushed to t…",@cbcnews
203,-0.5994,Mon Apr 30 10:45:04 +0000 2018,0.206,0.794,0.0,203,RT @CBCEnt: Avengers: Infinity War had Marvel's first female stunt co-ordinator — and she's Canadian https://t.co/faVRqH7b1d https://t.co/f…,@cbcnews
204,-0.8658,Mon Apr 30 10:33:00 +0000 2018,0.427,0.573,0.0,204,"RT @CBCWorldNews: Syria missile attack kills 26, could be latest salvo in Israel-Iran hostilities https://t.co/5PJ3yI5HCr https://t.co/oaX5…",@cbcnews
205,-0.2732,Mon Apr 30 10:30:16 +0000 2018,0.261,0.545,0.194,205,RT @CBCEnt: Burning Man festival co-founder dead at 70 https://t.co/DfRJjpvdfn https://t.co/8lAhANHjG7,@cbcnews
206,0.2247,Mon Apr 30 10:15:03 +0000 2018,0.094,0.773,0.133,206,"Once one of Hollywood's most powerful figures, Weinstein has been accused by more than 70 women of sexual misconduc… https://t.co/lrhn2OZ6kq",@cbcnews
207,-0.6249,Mon Apr 30 10:00:31 +0000 2018,0.204,0.796,0.0,207,RT @CBCPolitics: Bloc Québécois members meet to discuss party's future amid leadership crisis https://t.co/PltuwyTT7L #hw #cdnpoli https://…,@cbcnews
208,-0.5106,Mon Apr 30 09:00:00 +0000 2018,0.369,0.496,0.135,208,Governor says attacks seemed planned to spark ethnic conflict. https://t.co/gDINJCcdaP,@cbcnews
209,0.0258,Mon Apr 30 08:00:30 +0000 2018,0.225,0.546,0.229,209,"The Marvel blockbuster is expected to earn $250M US, beating the record held by Star Wars: The Force Awakens.… https://t.co/Mi7iIZvutg",@cbcnews
210,-0.5859,Mon Apr 30 07:00:04 +0000 2018,0.226,0.774,0.0,210,RT @CBCEnt: Ashley Judd to sexual assault survivors: Healing is our 'birthright' https://t.co/SOqxht56YX https://t.co/ffjxcXDtVT,@cbcnews
211,-0.4404,Mon Apr 30 06:00:05 +0000 2018,0.195,0.805,0.0,211,"Rohingya denied citizenship in Buddhist-majority Myanmar, where they've faced persecution for decades. https://t.co/oMgNpIojC0",@cbcnews
212,-0.6808,Mon Apr 30 05:00:01 +0000 2018,0.258,0.678,0.064,212,RT @CBCPolitics: NDP case against Trans Mountain pipeline may be hurt by previous legal arguments https://t.co/TAWy9Fgr0A #hw #cdnpoli http…,@cbcnews
213,0.1179,Mon Apr 30 04:00:14 +0000 2018,0.0,0.911,0.089,213,RT @CBCToronto: Is it necessary now? Should Toronto erect barriers to prevent vehicular attacks?: https://t.co/AlQ0blQ3We https://t.co/urRi…,@cbcnews
214,0.0,Mon Apr 30 03:00:02 +0000 2018,0.0,1.0,0.0,214,The deal would reshape the U.S. wireless landscape by reducing it to 3 major cellphone providers. https://t.co/EEv0b4fl9X,@cbcnews
215,0.5106,Mon Apr 30 02:30:09 +0000 2018,0.0,0.769,0.231,215,U.S. Secretary of State Pompeo also expresses confidence in Trump-Kim summit. https://t.co/LAidsKYB4e,@cbcnews
216,0.0,Mon Apr 30 02:00:00 +0000 2018,0.0,1.0,0.0,216,"In effect, the four-kilometre trail connects the waters of the Gulf of St. Lawrence to the waters of the Bay of Fun… https://t.co/vr7y4qHFRj",@cbcnews
217,0.2924,Mon Apr 30 01:30:02 +0000 2018,0.0,0.873,0.127,217,Money is flowing into the Progressive Conservative coffers despite the distraction of the leadership race.… https://t.co/uGApfYyT1u,@cbcnews
218,0.0,Mon Apr 30 01:02:10 +0000 2018,0.0,1.0,0.0,218,RT @CBCTheNational: Watch #CBCTheNational LIVE for Apr. 29 https://t.co/4UqNQgcJ4z,@cbcnews
219,0.0,Mon Apr 30 01:00:00 +0000 2018,0.0,1.0,0.0,219,Water levels continue to rise in the southern part of the river basin. https://t.co/733tidKhpB @GailHarding_,@cbcnews
220,-0.7346,Mon Apr 30 00:30:03 +0000 2018,0.436,0.564,0.0,220,Plus: Sunwing's passenger complaints and more stolen Optimum points https://t.co/2as59hp6Wn,@cbcnews
221,0.0,Mon Apr 30 00:00:07 +0000 2018,0.0,1.0,0.0,221,RT @CBCNB: Road closures continue on Day 3 of St. John River floods: https://t.co/oPhXNlXy3s https://t.co/J7zi6cJKqn,@cbcnews
222,-0.5859,Sun Apr 29 23:30:12 +0000 2018,0.226,0.774,0.0,222,"'Another day, another funeral': Young, Somali men are dying violently in Toronto https://t.co/XaGtIqtTbf https://t.co/hArloFfdnm",@cbcnews
223,-0.765,Sun Apr 29 23:30:01 +0000 2018,0.32,0.68,0.0,223,Humboldt Broncos crash and her own husband’s death prompt Pattie Fair-Babij to organize victims’ families.… https://t.co/HZmEpGDGLJ,@cbcnews
224,0.4019,Sun Apr 29 23:00:51 +0000 2018,0.0,0.803,0.197,224,RT @CBCToronto: Special coverage of #TorontoStrong Vigil at Mel Lastman Square https://t.co/1pCinqr9wk,@cbcnews
225,-0.7717,Sun Apr 29 23:00:03 +0000 2018,0.358,0.642,0.0,225,Here are brief portraits of some of the victims of that horrific day. https://t.co/nUUi7U1AlG,@cbcnews
226,0.4767,Sun Apr 29 22:30:03 +0000 2018,0.142,0.496,0.362,226,Comedian apologizes to those offended by provocative routine. https://t.co/nw9WT2vE6w @gq_in_sk,@cbcnews
227,0.0,Sun Apr 29 22:00:02 +0000 2018,0.0,1.0,0.0,227,"City expects 25,000 people at Sunday evening’s vigil at Mel Lastman Square. https://t.co/TAUbeVhbAb",@cbcnews
228,0.4523,Sun Apr 29 21:30:05 +0000 2018,0.128,0.621,0.251,228,RT @WendyMesleyCBC: Frmr national security analyst @StephanieCarvin on why the Toronto van attack is not considered terrorism #CBCTheWeekly…,@cbcnews
229,0.0,Sun Apr 29 21:00:04 +0000 2018,0.0,1.0,0.0,229,#Analysis: History teaches us you can do big things in Canadian politics - if you're willing to take the hits.… https://t.co/jTc1w9IhDv,@cbcnews
230,-0.3818,Sun Apr 29 20:30:08 +0000 2018,0.191,0.809,0.0,230,RT @CBCNS: Fredericton-bound flight makes emergency landing at Halifax airport https://t.co/lnVKfV7hxn https://t.co/fEg51I2Fy8,@cbcnews
231,0.0,Sun Apr 29 20:00:00 +0000 2018,0.0,1.0,0.0,231,The Tsleil-Waututh Nation is preparing a motion to ask for the release of federal Trans Mountain pipeline documents… https://t.co/YwclmlRIRx,@cbcnews
232,0.0,Sun Apr 29 19:30:02 +0000 2018,0.0,1.0,0.0,232,"Ches Crosbie, elected Saturday, is the son of politician John Crosbie. https://t.co/qAa2atf8eh",@cbcnews
233,0.6249,Sun Apr 29 19:00:09 +0000 2018,0.086,0.674,0.24,233,Here's how to find tonight's special coverage of the vigil to honour the victims of the Yonge Street van attack.… https://t.co/PFHtkB0kje,@cbcnews
234,0.3818,Sun Apr 29 18:30:13 +0000 2018,0.0,0.852,0.148,234,Comedian Michelle Wolf ripped Sarah Huckabee Sanders at Saturday night's White House Correspondents' Association di… https://t.co/v5WKWib589,@cbcnews
235,0.0,Sun Apr 29 18:12:42 +0000 2018,0.0,1.0,0.0,235,BREAKING: They were riding bicycles and walking on a main access road to a northern Manitoba community when they we… https://t.co/StTtgDD675,@cbcnews
236,0.296,Sun Apr 29 18:00:00 +0000 2018,0.0,0.891,0.109,236,"RT @WendyMesleyCBC: Who knew there was such a thing as #PinDiplomacy  Hear #MadeleineAlbright  @madeleine on that, and oh yeah, #NorthKorea…",@cbcnews
237,0.0,Sun Apr 29 17:30:21 +0000 2018,0.0,1.0,0.0,237,One market research report projects that 10.6 million Canadian households will be signed up with streaming services… https://t.co/wGiN8Lq76y,@cbcnews
238,0.0,Sun Apr 29 17:00:09 +0000 2018,0.0,1.0,0.0,238,Women are running for Congress under the GOP — but on a much smaller scale than their Democratic counterparts.… https://t.co/Lz9ioI41xI,@cbcnews
239,0.0,Sun Apr 29 16:30:23 +0000 2018,0.0,1.0,0.0,239,A study projects that the amount of lead released annually into the environment from ammunition will rise to about… https://t.co/ORywNRXfLz,@cbcnews
240,0.0,Sun Apr 29 16:01:03 +0000 2018,0.0,1.0,0.0,240,"Donald Trump skipped the White House press dinner again this year, but he was still the butt of many of the jokes.… https://t.co/hyEDLunl91",@cbcnews
241,-0.25,Sun Apr 29 15:30:04 +0000 2018,0.133,0.867,0.0,241,"Time is ripe for higher wages given province-wide labour shortage, union leaders say. https://t.co/VQmqb99ybe",@cbcnews
242,0.0,Sun Apr 29 15:22:39 +0000 2018,0.0,1.0,0.0,242,RT @WendyMesleyCBC: An investigation done by #CBCTheWeekly can reveal that an armed US paramilitary group called the Three Percenters have…,@cbcnews
243,0.0,Sun Apr 29 15:02:54 +0000 2018,0.0,1.0,0.0,243,"RT @WendyMesleyCBC: LIVE: This is The Weekly with @WendyMesleyCBC on Sunday, April 29, 2018 https://t.co/ob3EJH06hk",@cbcnews
244,0.0,Sun Apr 29 15:00:16 +0000 2018,0.0,1.0,0.0,244,"South, North Korea leaders vowed 'complete denuclearization' on Peninsula during summit. https://t.co/dWIOBXDVar",@cbcnews
245,-0.802,Sun Apr 29 14:30:03 +0000 2018,0.324,0.676,0.0,245,"RT @CBCToronto: Activists call for action in wake of Toronto van attack, domestic violence homicides: https://t.co/P1EZOP0rVr https://t.co/…",@cbcnews
246,0.0,Sun Apr 29 14:00:24 +0000 2018,0.0,1.0,0.0,246,About 300 people crowded around for a picture with the illuminated sign. https://t.co/6P9Xa1JugX,@cbcnews
247,0.128,Sun Apr 29 13:37:44 +0000 2018,0.0,0.93,0.07,247,RT @WendyMesleyCBC: We've got a packed show at 11 am..an exclusive investigation on an armed paramilitary group in Canada...a chat with @St…,@cbcnews
248,0.4404,Sun Apr 29 13:30:14 +0000 2018,0.0,0.861,0.139,248,RT @CBCManitoba: Big Jets faces and signs in all places: Winnipeggers get creative during team's playoff run https://t.co/U3IaIZJwHu https:…,@cbcnews
249,0.25,Sun Apr 29 13:30:01 +0000 2018,0.0,0.895,0.105,249,"Queen Elsa is Canadian. Hamilton, Ont.'s @CaissieLevy plays Disney's famed ice queen in Frozen on Broadway. Here's… https://t.co/UpfYO55WQ7",@cbcnews
250,0.4019,Sun Apr 29 13:22:03 +0000 2018,0.0,0.87,0.13,250,RT @brodiefenlon: Here's how to watch &amp; listen to special live coverage of tonight's Toronto vigil @CBCNews https://t.co/pgeYYYBzqi https:/…,@cbcnews
251,-0.34,Sun Apr 29 13:00:20 +0000 2018,0.156,0.844,0.0,251,The fast-moving grass fire spread across 325 hectares of hills and valleys. https://t.co/atLlAepKQB @mickicowan,@cbcnews
252,0.0,Sun Apr 29 12:00:16 +0000 2018,0.0,1.0,0.0,252,Trump administration cites generic pharmaceuticals and border control as reasons. https://t.co/YkRLE253ya,@cbcnews
253,-0.0191,Sun Apr 29 11:00:25 +0000 2018,0.116,0.772,0.112,253,City data shows many vying for prime locations despite no promise of opening. https://t.co/Bt0t5K0ui4 @wardrachel,@cbcnews
254,0.4019,Sun Apr 29 10:00:05 +0000 2018,0.0,0.881,0.119,254,"After purchasing the tintype, they got a call from another antique hunter who was convinced it was a photo of the n… https://t.co/e725YfwC6K",@cbcnews
255,-0.3612,Sun Apr 29 09:00:01 +0000 2018,0.116,0.884,0.0,255,"#Analysis: One and done. With many voters still pessimistic about the economy, Albertans look set to kick out NDP.… https://t.co/aosh8JGIG5",@cbcnews
256,0.34,Sun Apr 29 08:00:06 +0000 2018,0.0,0.876,0.124,256,The B.C. Badgers play in a senior men's division and every player on the roster is a woman. https://t.co/pJw5K3kCB3 @Jesse_Johnston,@cbcnews
257,-0.4215,Sun Apr 29 07:00:08 +0000 2018,0.256,0.595,0.149,257,"Other credits included Partridge Family, Blossom, Soap and Dead Poets Society. https://t.co/s5UOFjPzKj",@cbcnews
258,0.1531,Sun Apr 29 06:00:08 +0000 2018,0.125,0.714,0.161,258,New triage system could help cut wait times for other medical specialists. https://t.co/iK8ItRLel2 @sarahcrgr,@cbcnews
259,-0.765,Sun Apr 29 05:00:10 +0000 2018,0.423,0.455,0.123,259,The suspected 'Golden State Killer' was arrested with the help of genealogy databases. https://t.co/4xnmpk00BJ,@cbcnews
260,0.4588,Sun Apr 29 04:00:30 +0000 2018,0.0,0.8,0.2,260,RT @CBCKW891: Justin Bieber visits hometown museum exhibit dedicated to himself https://t.co/L0HHJPkT6k https://t.co/kvUqsJeoQE,@cbcnews
261,0.6705,Sun Apr 29 03:00:00 +0000 2018,0.11,0.591,0.3,261,"RT @CBCNorth: Hundreds of 'perfectly good boots' trashed at Yellowknife dump, locals snatch them up https://t.co/YO3T4iOrlG https://t.co/rU…",@cbcnews
262,-0.34,Sun Apr 29 02:30:17 +0000 2018,0.286,0.714,0.0,262,Warning: This story contains graphic details. https://t.co/jXChH9kqmU,@cbcnews
263,0.0,Sun Apr 29 02:00:14 +0000 2018,0.0,1.0,0.0,263,Porn actress claims she had affair with Trump several years before he became U.S. president. https://t.co/9vGFG7Suon,@cbcnews
264,-0.3182,Sun Apr 29 01:30:01 +0000 2018,0.161,0.839,0.0,264,Democrats claim committee chose not to investigate or ignored evidence of collusion. https://t.co/xYiqdmLzDO,@cbcnews
265,-0.7351,Sun Apr 29 01:00:02 +0000 2018,0.36,0.64,0.0,265,"#Opinion: Sometimes suffering is inevitable, but exploitation of that suffering is not. https://t.co/ytnCKE0tXw",@cbcnews
266,-0.6808,Sun Apr 29 00:30:00 +0000 2018,0.272,0.728,0.0,266,Saudi Arabia announces deaths of 2 other Houthi leaders in battle to defeat movement that controls Sanaa. https://t.co/HH9mXqaOhw,@cbcnews
267,-0.7906,Sun Apr 29 00:00:11 +0000 2018,0.5,0.5,0.0,267,Swedish Academy crisis deepens amid sexual misconduct scandal. https://t.co/gfBVLZ42XA,@cbcnews
268,-0.1531,Sat Apr 28 23:30:02 +0000 2018,0.202,0.673,0.125,268,"The disgraced comedian, 80, can only leave his Philadelphia house to meet lawyers or see a doctor. https://t.co/4xK0PB5LIS",@cbcnews
269,0.2732,Sat Apr 28 23:00:16 +0000 2018,0.0,0.877,0.123,269,It's part of an international effort aimed at ensuring the denuclearization of the Korean peninsula. https://t.co/fMGCIqI04R,@cbcnews
270,-0.6597,Sat Apr 28 22:30:06 +0000 2018,0.262,0.738,0.0,270,A tricky time-stamp and a little-known term made it difficult to verify an image of an odd Facebook post from the a… https://t.co/vMZ2D0exCb,@cbcnews
271,0.4939,Sat Apr 28 22:00:14 +0000 2018,0.0,0.849,0.151,271,One cardiologist says the research will change how he administers oxygen in his own coronary care unit. https://t.co/ryhm6miAHv @ShowweiChu,@cbcnews
272,0.0,Sat Apr 28 21:30:00 +0000 2018,0.0,1.0,0.0,272,Toronto Sun report cites anonymous sources who either spoke to or heard Minassian allegedly say inside the detentio… https://t.co/dk03ySaAd1,@cbcnews
273,0.0,Sat Apr 28 21:00:01 +0000 2018,0.0,1.0,0.0,273,#Newsletter Your invitation to royal wedding news ahead of Prince Harry and Meghan Markle's nuptials. https://t.co/lE80QUJW6j,@cbcnews
274,-0.0258,Sat Apr 28 20:30:07 +0000 2018,0.139,0.727,0.133,274,RT @CBCEdmonton: Critical alert issued as flooding forces evacuation in Woodlands County https://t.co/aqyr7MEUqH https://t.co/D1sUQGbJzR,@cbcnews
275,-0.4939,Sat Apr 28 20:00:17 +0000 2018,0.255,0.65,0.095,275,Parents had lost court appeal to allow them to take terminally ill boy to Italy. https://t.co/h6FPMJusTA,@cbcnews
276,0.6249,Sat Apr 28 19:30:09 +0000 2018,0.086,0.674,0.24,276,Here's how to find tomorrow's special coverage of the vigil to honour the victims of the Yonge Street van attack.… https://t.co/vtLl1CV0Ek,@cbcnews
277,0.0,Sat Apr 28 19:00:16 +0000 2018,0.0,1.0,0.0,277,"""We need to move on. We need to face the fact that it did happen."" https://t.co/Sj3InSlf74 @amaramclaughlin",@cbcnews
278,0.5106,Sat Apr 28 18:30:02 +0000 2018,0.0,0.798,0.202,278,"The Hamilton, Ont.-raised performer is earning kudos in starring role on Broadway. https://t.co/YCEUfsv9YO @TO_jwo",@cbcnews
279,0.8176,Sat Apr 28 18:00:01 +0000 2018,0.0,0.727,0.273,279,"#Analysis: If the Ontario PCs win in June, it will be due to the same voter coalition that won in 1995.… https://t.co/PLPzt5rRef",@cbcnews
280,0.5106,Sat Apr 28 17:30:00 +0000 2018,0.0,0.82,0.18,280,The strong American dollar is enticing stateside bidders at one of Canada's largest industrial auctions.… https://t.co/uUfz0eGiLJ,@cbcnews
281,0.0,Sat Apr 28 17:00:03 +0000 2018,0.0,1.0,0.0,281,"As the spring freshet rapidly pushed the river past the flood level of 6.5 metres on Friday morning, many sat outsi… https://t.co/VJpRh6nL2n",@cbcnews
282,0.0,Sat Apr 28 16:30:02 +0000 2018,0.0,1.0,0.0,282,#Analysis: Handshakes tell you a lot about how the 3 countries see each other. https://t.co/wHTJyqFIsd @EvanDyerCBC,@cbcnews
283,-0.4404,Sat Apr 28 16:00:00 +0000 2018,0.136,0.809,0.055,283,An opposition activist talks about the dangers of Putin's new term and the challenges of trying to end his reign.… https://t.co/bzkaza24Rl,@cbcnews
284,0.0,Sat Apr 28 15:30:03 +0000 2018,0.0,1.0,0.0,284,The water level is now 1.7 metres above the flood level. https://t.co/xULt8IHc5n @GailHarding_,@cbcnews
285,-0.6705,Sat Apr 28 15:00:15 +0000 2018,0.273,0.727,0.0,285,Toronto police have now revealed the identities of the 10 people killed. https://t.co/EPYysiNjjL,@cbcnews
286,0.0,Sat Apr 28 14:30:16 +0000 2018,0.0,1.0,0.0,286,The market operator says it expects to resume regular trading on Monday. https://t.co/CIgZSXhtMQ,@cbcnews
287,-0.2732,Sat Apr 28 14:00:52 +0000 2018,0.11,0.89,0.0,287,"People who send their DNA away for testing might be putting their privacy at risk.

Read more:… https://t.co/hEaUAi7uR6",@cbcnews
288,0.0,Sat Apr 28 13:30:08 +0000 2018,0.0,1.0,0.0,288,Some fishermen are waiting up to 7 years. https://t.co/0qZOlsLfuv @SaraFrasercbc,@cbcnews
289,0.7783,Sat Apr 28 13:00:28 +0000 2018,0.0,0.625,0.375,289,"Don MacGowan credits integrity, competitiveness and his wife's home cooking for a long, active life. https://t.co/l2q0H1r9Ma @thewrightpage",@cbcnews
290,0.5423,Sat Apr 28 13:00:02 +0000 2018,0.0,0.774,0.226,290,"The Korea peace summit was full of symbolism, starting with a handshake: https://t.co/ChdUN5sRQO https://t.co/OxjSCKN5HQ",@cbcnews
291,0.0,Sat Apr 28 12:00:32 +0000 2018,0.0,1.0,0.0,291,"Holy heist, Batman! 900 comics snatched from Ottawa collector https://t.co/ZN9OiUAmao https://t.co/OfIy5EGnbu",@cbcnews
292,0.0,Sat Apr 28 11:00:18 +0000 2018,0.0,1.0,0.0,292,Flip phones are making a comeback https://t.co/oaKacYbOA3 https://t.co/aM64lP6L8v,@cbcnews
293,0.0,Sat Apr 28 10:00:05 +0000 2018,0.0,1.0,0.0,293,Robots take over at P.E.I. school as students learn to code | CBC News https://t.co/G7hRZrUZvw https://t.co/kzYrcR4PXU,@cbcnews
294,0.0,Sat Apr 28 09:00:04 +0000 2018,0.0,1.0,0.0,294,"Canadian federation in a state of 'confusion' and 'disarray' over pipeline and internal trade, Manitoba premier say… https://t.co/lfeRw4DImy",@cbcnews
295,0.0,Sat Apr 28 08:00:13 +0000 2018,0.0,1.0,0.0,295,"Abortion pill prescribed more than 4,000 times in 1st year of drug's availability in Canada https://t.co/ZWLeLgo1IN https://t.co/ftIa7i6B2J",@cbcnews
296,-0.2263,Sat Apr 28 07:00:05 +0000 2018,0.16,0.84,0.0,296,Tom Brokaw cancels commencement speech amid sexual misconduct allegations https://t.co/QqmFwutjEB https://t.co/BcQUzAsGVO,@cbcnews
297,-0.296,Sat Apr 28 06:00:02 +0000 2018,0.18,0.82,0.0,297,Selected oilsands projects may avoid new environmental assessment rules https://t.co/p3ByOKtGnZ https://t.co/r2UzDVaUSQ,@cbcnews
298,0.0,Sat Apr 28 05:00:01 +0000 2018,0.0,1.0,0.0,298,Coalition calls for end to open-pen salmon farming in B.C. by 2025 https://t.co/irouQ4Fnzg https://t.co/sOeYGzVj7h,@cbcnews
299,0.5106,Sat Apr 28 04:00:31 +0000 2018,0.0,0.732,0.268,299,Sustainable P.E.I. potato message comes with free fries https://t.co/7fYWtye37o https://t.co/hsAUga4Mh2,@cbcnews
300,0.4215,Sat Apr 28 03:00:21 +0000 2018,0.0,0.823,0.177,300,Girl whose leg was amputated and reattached backwards hopes to dance again https://t.co/Dmb2z6dKEb https://t.co/0yLoMfeYka,@cbcnews
301,0.0,Sat Apr 28 02:30:02 +0000 2018,0.0,1.0,0.0,301,"Ministers head home, plan to reconvene NAFTA trade talks in a week's time  https://t.co/7YScan9zoQ https://t.co/SEpoht2a6s",@cbcnews
302,0.4588,Sat Apr 28 02:00:05 +0000 2018,0.0,0.769,0.231,302,Justin Bieber visits hometown museum exhibit dedicated to himself https://t.co/367E9Zk1uY https://t.co/oBbXSCv0uj,@cbcnews
303,-0.5719,Sat Apr 28 01:30:15 +0000 2018,0.281,0.719,0.0,303,'An eerie feeling': Missing pilot's belongings given to family 60 years later https://t.co/53RBqliDvF https://t.co/V8eayKmFfM,@cbcnews
304,-0.7506,Sat Apr 28 01:00:30 +0000 2018,0.39,0.61,0.0,304,"3 protesters killed at Gaza border, hundreds wounded, Gaza medics report https://t.co/5dRrxs67er https://t.co/AwHurX4GM6",@cbcnews
305,0.0,Sat Apr 28 00:30:13 +0000 2018,0.0,1.0,0.0,305,"TD, Royal Bank both raise their fixed mortgage rates https://t.co/9iyoy4WzCm https://t.co/z5RDJTMBPo",@cbcnews
306,0.1779,Sat Apr 28 00:00:23 +0000 2018,0.155,0.645,0.2,306,4 damning quotes from Trump's wild interview on Fox &amp; Friends https://t.co/H1QvzFX9na https://t.co/mWRQFYWdbe,@cbcnews
307,0.0,Fri Apr 27 23:30:00 +0000 2018,0.0,1.0,0.0,307,Japanese engineers have unveiled a real-life Transformer that changes from a robot to a car https://t.co/EXwRoobmvn https://t.co/mDV2mi35DE,@cbcnews
308,0.6249,Fri Apr 27 23:15:07 +0000 2018,0.083,0.686,0.231,308,CBC News will have special coverage of the public vigil to honour the the victims of Monday's Yonge Street van atta… https://t.co/rD1SaUebUl,@cbcnews
309,-0.7845,Fri Apr 27 23:00:11 +0000 2018,0.365,0.635,0.0,309,"Canadian lynched in Peru owned gun that killed Indigenous healer, authorities say https://t.co/sJ6F8K7Qnu https://t.co/f2pKwuaWzF",@cbcnews
310,-0.836,Fri Apr 27 22:35:21 +0000 2018,0.279,0.721,0.0,310,"RT @CBCToronto: We now know the names of all 10 victims from Monday’s fatal van attack in Toronto. 8 women and 2 men, between the ages of 2…",@cbcnews
311,0.296,Fri Apr 27 22:30:05 +0000 2018,0.0,0.891,0.109,311,"Hassan Al Kontar has spent 50 days in an airport in Kuala Lumpur, surviving on airline meals. https://t.co/qcXTPB4u20 @MichelleGhsoub",@cbcnews
312,-0.6597,Fri Apr 27 22:00:16 +0000 2018,0.241,0.759,0.0,312,"Audrey Gagnon, mother of a two-year-old girl who died in Quebec City last week, has been charged with second-degree… https://t.co/Wi3bxuWvZK",@cbcnews
313,0.1027,Fri Apr 27 21:30:00 +0000 2018,0.167,0.61,0.224,313,The United Nations special rapporteur on violence against women says Canada should start addressing its issues now… https://t.co/AIhA9tlGDk,@cbcnews
314,0.34,Fri Apr 27 21:00:00 +0000 2018,0.0,0.876,0.124,314,"North and South Korea's leaders signed a declaration agreeing to work for the ""complete denuclearization of the Kor… https://t.co/Ep5raXZ8Hr",@cbcnews
315,-0.2263,Fri Apr 27 20:30:22 +0000 2018,0.083,0.917,0.0,315,An Edmonton law firm has filed a $15 million class action lawsuit against an Alberta meat shop at the centre of a r… https://t.co/9uiHbRrRZK,@cbcnews
316,0.0,Fri Apr 27 20:00:22 +0000 2018,0.0,1.0,0.0,316,"TSX, Montreal exchanges shut down for unspecified trading issue https://t.co/7GmqomDZyN https://t.co/0yi4LqiKd0",@cbcnews
317,-0.6597,Fri Apr 27 19:30:08 +0000 2018,0.329,0.671,0.0,317,Coroner identifies all 10 Toronto victims of Monday's deadly van attack https://t.co/aXoLQwVXkF https://t.co/zErzXhZd5u,@cbcnews
318,0.0,Fri Apr 27 19:05:01 +0000 2018,0.0,1.0,0.0,318,German Chancellor Angela Merkel is visiting U.S. President Donald Trump today. https://t.co/RHkXF3reqW,@cbcnews
319,-0.6597,Fri Apr 27 19:01:13 +0000 2018,0.375,0.625,0.0,319,"RT @CBCToronto: Toronto police name van attack victims, give update https://t.co/qcrIDWaPQb",@cbcnews
320,0.1531,Fri Apr 27 18:45:03 +0000 2018,0.0,0.873,0.127,320,Judge tosses ex-Trump campaign chairman Manafort's civil suit challenging Russia probe https://t.co/cQzGsh8Byb,@cbcnews
321,-0.4767,Fri Apr 27 18:30:04 +0000 2018,0.134,0.866,0.0,321,A fund collecting money in the wake of this week's deadly van attack in Toronto has surpassed the $1 million mark. https://t.co/aXoLQwVXkF,@cbcnews
322,0.4404,Fri Apr 27 18:15:01 +0000 2018,0.0,0.847,0.153,322,"RT @CBCTechSci: Including Indigenous groups in studies of ancient remains makes for better science, say researchers https://t.co/h18j7lFmVB…",@cbcnews
323,-0.3182,Fri Apr 27 18:00:38 +0000 2018,0.22,0.661,0.119,323,"Joseph James DeAngelo, the suspected ""Golden State Killer,"" was arrested with the help of genetic information from… https://t.co/c6HjCi51rI",@cbcnews
324,-0.5499,Fri Apr 27 17:30:08 +0000 2018,0.157,0.843,0.0,324,"RT @RileyLaychuk: STORY: Swan River seniors complex treated for bedbugs nearly 600 times, but 'unreal' problem persists, family says https:…",@cbcnews
325,-0.7717,Fri Apr 27 17:20:19 +0000 2018,0.226,0.774,0.0,325,RT @CBCAlerts: UPDATE: CBC News has been told that the names of those who died in Monday's van attack along Toronto's Yonge Street will be…,@cbcnews
326,0.0,Fri Apr 27 17:15:04 +0000 2018,0.0,1.0,0.0,326,RT @CBCBusiness: TD hikes 5-year posted mortgage rate to 5.59% https://t.co/gDAfg7JMZP https://t.co/KIRbSmksde,@cbcnews
327,-0.3818,Fri Apr 27 17:12:41 +0000 2018,0.167,0.833,0.0,327,RT @CBCNB: Watch emergency officials update the flood situation in New Brunswick LIVE https://t.co/YYdLmAwbcN,@cbcnews
328,-0.2023,Fri Apr 27 17:00:39 +0000 2018,0.112,0.816,0.071,328,An independent investigation has cleared veteran TVO journalist Steve Paikin after a Toronto woman accused him of s… https://t.co/2kRMWAc7Ry,@cbcnews
329,0.3182,Fri Apr 27 16:39:18 +0000 2018,0.0,0.897,0.103,329,RT @CBCIndigenous: Truth and Reconciliation Call to Action 24: Require all medical and nursing students to take a course dealing with Abori…,@cbcnews
330,0.0,Fri Apr 27 16:30:35 +0000 2018,0.0,1.0,0.0,330,"The Trudeau government is expected to move next week on reforms to election laws, but they may not come in time for… https://t.co/HaqvLPS0rG",@cbcnews
331,0.0,Fri Apr 27 16:00:27 +0000 2018,0.0,1.0,0.0,331,"Digital devices and apps are designed to keep us hooked, but you can break the unconscious patterns that keep you c… https://t.co/znXODM1Mxh",@cbcnews
332,0.0,Fri Apr 27 15:30:06 +0000 2018,0.0,1.0,0.0,332,"Doctors issued more than 4,000 prescriptions for the abortion pill Mifegymiso to Canadian women in 2017 — the first… https://t.co/MMXjLpdO64",@cbcnews
333,0.0772,Fri Apr 27 15:09:55 +0000 2018,0.0,0.929,0.071,333,"RT @CBCAlerts: Independent 3rd-party investigation clears TVO broadcaster Steve Paikin of misconduct allegations. Paikin, host of Ontario p…",@cbcnews
334,0.0,Fri Apr 27 15:00:33 +0000 2018,0.0,1.0,0.0,334,#Opinion: Many of us are beginning to realize that online echo chambers and troll culture can cause real social har… https://t.co/04IQxsWfMG,@cbcnews
335,-0.4215,Fri Apr 27 14:45:10 +0000 2018,0.189,0.811,0.0,335,RT @CBCEnt: Tom Brokaw denies sexual misconduct claim by ex-NBC reporter  https://t.co/JZfL3sBHTg https://t.co/za095Zau6r,@cbcnews
336,0.0,Fri Apr 27 14:30:06 +0000 2018,0.0,1.0,0.0,336,"In the world of television, ""listening to voices means inclusion in the writers' room,"" said Hank Azaria, who perfo… https://t.co/FgTFL5X8Rp",@cbcnews
337,0.0,Fri Apr 27 14:17:00 +0000 2018,0.0,1.0,0.0,337,RT @KentUNCBC: UN chief says he’s counting on leaders of North &amp; South Korea to  build on this first “truly historic” meeting &amp; quickly imp…,@cbcnews
338,0.3818,Fri Apr 27 14:00:33 +0000 2018,0.0,0.874,0.126,338,Prime Minister Justin Trudeau will accept an honourary doctor of laws degree from New York University next month. https://t.co/FqXneFGsNq,@cbcnews
339,0.0,Fri Apr 27 13:49:20 +0000 2018,0.0,1.0,0.0,339,The historic handshake between Kim Jong-un and Moon Jae-In in the Korean border town of Panmunjeom.… https://t.co/QD26Lpe5EZ,@cbcnews
340,0.6369,Fri Apr 27 13:45:07 +0000 2018,0.0,0.846,0.154,340,RT @CBCMorningLive: We are just over three weeks away from the royal wedding. Prince William is set to be Prince Harry's best man...but who…,@cbcnews
341,-0.8555,Fri Apr 27 13:36:35 +0000 2018,0.335,0.559,0.106,341,RT @CBCAlerts: UPDATE: Audrey Gagnon has been charged with committing an indignity to a dead body as well as 2nd-degree murder in her daugh…,@cbcnews
342,0.0,Fri Apr 27 13:30:03 +0000 2018,0.0,1.0,0.0,342,Water levels are at approximately 7.5 metres in Fredericton. The flood level is 6.5 metres.  https://t.co/vEgLTD2n1j @jordandannygill,@cbcnews
343,0.0,Fri Apr 27 13:20:03 +0000 2018,0.0,1.0,0.0,343,RT @CBCEnt: 'It feels good:' ABBA announces 1st new material in 35 years https://t.co/yVlejkeZAt https://t.co/EfLDiwRwTl,@cbcnews
344,-0.7579,Fri Apr 27 13:00:13 +0000 2018,0.317,0.683,0.0,344,Hundreds of people are mistakenly declared dead every year by the Canada Revenue Agency. https://t.co/EvjtXV0elT @YvonneCBC,@cbcnews
345,0.1779,Fri Apr 27 12:30:27 +0000 2018,0.0,0.884,0.116,345,RT @hockeynight: Vegas deals Sharks 7-0 drubbing to extend playoff hot streak https://t.co/2bICygUjyv https://t.co/lPS6pXrrEd,@cbcnews
346,0.0,Fri Apr 27 12:18:32 +0000 2018,0.0,1.0,0.0,346,But why was the Korean peninsula divided in the first place? @OrmistonOnline explains: https://t.co/Xtwxnd8UhX,@cbcnews
347,0.4939,Fri Apr 27 12:15:01 +0000 2018,0.0,0.856,0.144,347,"The leaders of North and South Korea announced they would seek an agreement to establish ""permanent"" and ""solid"" pe… https://t.co/YHZVxjnSgC",@cbcnews
348,0.0,Fri Apr 27 12:13:16 +0000 2018,0.0,1.0,0.0,348,RT @CBCAlerts: The four members of the former Swedish supergroup ABBA say they have recorded new music for the first time since the mid-198…,@cbcnews
349,0.0,Fri Apr 27 12:00:32 +0000 2018,0.0,1.0,0.0,349,The Royal Canadian Air Force is recommending that the government buy used aircraft to replace two of the Challenger… https://t.co/FmOlruGlfR,@cbcnews
350,0.0,Fri Apr 27 11:52:55 +0000 2018,0.0,1.0,0.0,350,7/7 Get the Morning Brief in your inbox each morning. Sign up here: https://t.co/euWkx8Bq21 https://t.co/rbICHNppyN,@cbcnews
351,-0.3818,Fri Apr 27 11:52:54 +0000 2018,0.224,0.776,0.0,351,6/7 B.C.’s next move in the pipeline fight. https://t.co/MwWM30jrM8 https://t.co/bLHc5G45Nb,@cbcnews
352,0.0,Fri Apr 27 11:52:54 +0000 2018,0.0,1.0,0.0,352,5/7 What’s next for Bill Cosby. https://t.co/MwWM30jrM8 https://t.co/RdsuSJ9e8Z,@cbcnews
353,0.0,Fri Apr 27 11:52:53 +0000 2018,0.0,1.0,0.0,353,4/7 Louis Arthur Charles. https://t.co/MwWM30jrM8 https://t.co/FJPMHR28vb,@cbcnews
354,-0.6486,Fri Apr 27 11:52:52 +0000 2018,0.281,0.719,0.0,354,3/7 When the government declares you dead (but you aren't). https://t.co/MwWM30jrM8 https://t.co/ZkHGe6a198,@cbcnews
355,0.7184,Fri Apr 27 11:52:52 +0000 2018,0.0,0.571,0.429,355,2/7 Two Koreas agree to work toward peace. https://t.co/MwWM30jrM8 https://t.co/04k7HR0wty,@cbcnews
356,0.4926,Fri Apr 27 11:52:51 +0000 2018,0.0,0.814,0.186,356,1/7 Good morning! Here's the news you need to start your day today. https://t.co/MwWM30jrM8 https://t.co/oeDuao9MFs,@cbcnews
357,0.3182,Fri Apr 27 11:30:17 +0000 2018,0.092,0.728,0.18,357,Bill Cosby is free on $1 million US bail and under house arrest in his Pennsylvania home. His defence attorney has… https://t.co/qlrXLdBeOm,@cbcnews
358,0.0,Fri Apr 27 11:15:06 +0000 2018,0.0,1.0,0.0,358,"The Royal Canadian Mint is dealing with another possible theft, this time of nearly $110,000 in gold. https://t.co/leaLf71G2L",@cbcnews
359,0.0772,Fri Apr 27 11:00:08 +0000 2018,0.0,0.933,0.067,359,"#Analysis: In the debate over asylum seekers, the Liberals want the Conservatives to watch their words. The Conserv… https://t.co/23qh4CCuDG",@cbcnews
360,0.0,Fri Apr 27 10:46:57 +0000 2018,0.0,1.0,0.0,360,"""The baby will be known as His Royal Highness Prince Louis of Cambridge."" https://t.co/TK4yDOLjNo",@cbcnews
361,-0.743,Fri Apr 27 10:30:12 +0000 2018,0.36,0.64,0.0,361,Unease still looming over people who live and work in area of Toronto van attack https://t.co/vYBZUPh3Ur,@cbcnews
362,-0.6486,Fri Apr 27 10:15:03 +0000 2018,0.264,0.736,0.0,362,Golden State Killer caught using online genealogical sites to find DNA match https://t.co/y4v0zaikRv,@cbcnews
363,-0.34,Fri Apr 27 10:12:17 +0000 2018,0.133,0.782,0.085,363,"RT @CBCAlerts: History made as leaders of North and South Korea agree to work to formally end war after 65 years, strive for the 'complete…",@cbcnews
364,0.0,Fri Apr 27 10:06:58 +0000 2018,0.0,1.0,0.0,364,RT @CBCAlerts: Prince William and his wife Kate have named their 3rd child Louis Arthur Charles. The baby boy born Monday will be known as…,@cbcnews
365,0.0772,Fri Apr 27 10:00:40 +0000 2018,0.0,0.894,0.106,365,Saskatchewan government to begin mandatory training for semi-trailer drivers in 2019 https://t.co/7XXEAJVPuB,@cbcnews
366,-0.4767,Fri Apr 27 09:00:19 +0000 2018,0.182,0.739,0.079,366,EPA chief Scott Pruitt admits knowledge of staff raises but denies knowledge of soundproof booth spending https://t.co/5B0Tx2hlzW,@cbcnews
367,-0.296,Fri Apr 27 08:00:28 +0000 2018,0.128,0.872,0.0,367,"New mass graves discovered in Rwanda that could contain more than 2,000 bodies, authorities say https://t.co/BwOqyYoyzs",@cbcnews
368,0.6369,Fri Apr 27 07:00:13 +0000 2018,0.0,0.741,0.259,368,Prince William to be Prince Harry's best man at upcoming royal wedding https://t.co/TCBCWayiVY,@cbcnews
369,0.0,Fri Apr 27 06:00:06 +0000 2018,0.0,1.0,0.0,369,Ford to pivot away from small and mid-size cars and focus on production of trucks and SUVs https://t.co/Yor3VPOQSd,@cbcnews
370,-0.296,Fri Apr 27 05:00:01 +0000 2018,0.222,0.619,0.16,370,"China puts new ""Guam Killer"" missile into service amid ambitious military modernization program https://t.co/g3EF66vJ4R",@cbcnews
371,0.0,Fri Apr 27 04:00:05 +0000 2018,0.0,1.0,0.0,371,South Purcell caribou herd in B.C. down to just 4 animals https://t.co/zerhFEKAPD,@cbcnews
372,-0.2263,Fri Apr 27 03:00:05 +0000 2018,0.101,0.899,0.0,372,"Foreign Affairs Minister Chrystia Freeland cancels plans to attend NATO summit in Brussels to remain in Washington,… https://t.co/h7AMQUDB4l",@cbcnews
373,-0.7797,Fri Apr 27 02:30:23 +0000 2018,0.373,0.528,0.099,373,"Local shop manager held the hand of Toronto van attack victim while he died, says she ""didn't want him to be alone"" https://t.co/P8jZSluvz3",@cbcnews
374,-0.5106,Fri Apr 27 02:00:30 +0000 2018,0.163,0.837,0.0,374,Former Ontario PC candidate Patrick Brown failed to disclose rental income from personal residence and a loan from… https://t.co/usOToeC3l7,@cbcnews
375,-0.2023,Fri Apr 27 01:30:07 +0000 2018,0.13,0.87,0.0,375,National Gallery of Canada reverses controversial decision to sell Marc Chagall painting https://t.co/IQN95H7cF6,@cbcnews
376,0.0,Fri Apr 27 01:01:24 +0000 2018,0.0,1.0,0.0,376,"LIVE: Kim Jong-un ventures into South Korea for 1st time at summit
 https://t.co/wajpvj9zR7 https://t.co/poEnfaj1Ij",@cbcnews
377,0.0,Fri Apr 27 01:00:15 +0000 2018,0.0,1.0,0.0,377,RT @CBCTheNational: Watch #CBCTheNational LIVE for Apr. 26 https://t.co/eeNiZeWswJ,@cbcnews
378,0.296,Fri Apr 27 00:30:03 +0000 2018,0.125,0.648,0.227,378,"Trump, ignoring age-old legal wisdom, may have implicated himself and burned his lawyer — on live TV… https://t.co/0cgUNEIFDJ",@cbcnews
379,0.4019,Fri Apr 27 00:00:14 +0000 2018,0.0,0.847,0.153,379,"Court-appointed independent 'special master' will be first to examine seized Michael Cohen documents, federal judge… https://t.co/39tg7aMd87",@cbcnews
380,0.0,Thu Apr 26 23:30:09 +0000 2018,0.0,1.0,0.0,380,"Explosion rocks oil refinery in northwestern Wisconsin, injuring at least 11 https://t.co/xHqhIxWXmX",@cbcnews
381,-0.2755,Thu Apr 26 23:00:16 +0000 2018,0.174,0.826,0.0,381,"'We've never observed a cluster like this before,' Canadian astronomer says
 https://t.co/pPSphtnSyI",@cbcnews
382,-0.128,Thu Apr 26 22:30:00 +0000 2018,0.143,0.737,0.12,382,"How could Toronto protect people from another vehicle attack?
Here’s what other cities have done.

Read more:… https://t.co/8qa2aRr1In",@cbcnews
383,0.0382,Thu Apr 26 22:00:14 +0000 2018,0.0,0.943,0.057,383,"An employee told the family that if they didn't leave as instructed, police would be called to the store.  https://t.co/MHi5kKeqAe",@cbcnews
384,0.4215,Thu Apr 26 21:30:18 +0000 2018,0.0,0.797,0.203,384,Transportation Safety Board of Canada announces results of its 18-month investigation https://t.co/zctL2d1A4b,@cbcnews
385,-0.5423,Thu Apr 26 21:00:22 +0000 2018,0.259,0.741,0.0,385,"Alexandre Bissonnette’s crime was purely ‘egotistical’ forensic psychiatrist tells court
 https://t.co/jCoApBewSo",@cbcnews
386,0.0,Thu Apr 26 20:30:17 +0000 2018,0.0,1.0,0.0,386,Michael de Adder's drawing was posted online on Tuesday and is now being used on items for sale without his permiss… https://t.co/aHUFokSvzB,@cbcnews
387,0.3612,Thu Apr 26 20:00:17 +0000 2018,0.0,0.865,0.135,387,"Pompeo, a former army officer who was a Republican congressman, is regarded as a Trump loyalist with hawkish world… https://t.co/ujWCEsvKqr",@cbcnews
388,-0.5267,Thu Apr 26 19:30:06 +0000 2018,0.207,0.793,0.0,388,Overbuilding in Alberta and Saskatchewan combined with high prices in 4 cities hurt outlook https://t.co/Ni17Ugs7lj,@cbcnews
389,-0.3612,Thu Apr 26 19:00:11 +0000 2018,0.152,0.848,0.0,389,"Leaders spar over funding for ""assistant organizer'""at B.C. group fighting Trans Mountain pipeline https://t.co/qkJH7ENg5W @AaronWherry",@cbcnews
390,-0.1779,Thu Apr 26 18:45:04 +0000 2018,0.203,0.676,0.121,390,DJ described as 'perfectionist who travelled and worked hard at a pace that led to extreme stress' https://t.co/Bh6xph5LwN,@cbcnews
391,0.1531,Thu Apr 26 18:30:06 +0000 2018,0.116,0.737,0.147,391,"Video produced by Bono's charity says PM is all talk, no action on women's empowerment https://t.co/TpOlT7ltUt",@cbcnews
392,0.0,Thu Apr 26 18:05:08 +0000 2018,0.0,1.0,0.0,392,RT @swaindiana: What are incels? Ask @swaindiana #CBCInvestigators and UofT prof. Judith Taylor your questions live. https://t.co/6YitjfAwW5,@cbcnews
393,-0.765,Thu Apr 26 17:57:04 +0000 2018,0.398,0.602,0.0,393,BREAKING: Bill Cosby guilty of drugging and molesting a woman in 2004. https://t.co/iQiJYTo8rD,@cbcnews
394,-0.9153,Thu Apr 26 17:55:17 +0000 2018,0.39,0.61,0.0,394,RT @CBCAlerts: Cosby faces up to 30 years in prison after being found guilty on all 3 counts of aggravated indecent assault. Convicted of d…,@cbcnews
395,-0.5994,Thu Apr 26 17:51:10 +0000 2018,0.329,0.671,0.0,395,RT @CBCAlerts: Bill Cosby found guilty on all 3 charges. More to come.,@cbcnews
396,-0.4215,Thu Apr 26 17:45:27 +0000 2018,0.16,0.714,0.126,396,"RT @CBCAlerts: Verdict reached in Bill Cosby's sexual assault trial. Jury of 7 men, 5 women to reveal decision momentarily. Background: htt…",@cbcnews
397,0.4215,Thu Apr 26 17:45:07 +0000 2018,0.0,0.865,0.135,397,"Under the draft, companies hoping to bring more diluted bitumen through B.C. would need a permit from the province.  https://t.co/gVOHFRiiO6",@cbcnews
398,0.0,Thu Apr 26 17:44:38 +0000 2018,0.0,1.0,0.0,398,RT @swaindiana: We’ll be LIVE on @facebook and right here on Twitter at 2ET talking ‘incel’with Judith Taylor/U of T Sociology Prof. Ask us…,@cbcnews
399,-0.7184,Thu Apr 26 17:30:19 +0000 2018,0.25,0.75,0.0,399,Updates begin rolling out Thursday are in response to complaints that the YouTube Kids app has repeatedly failed to… https://t.co/c0Snt2R9iQ,@cbcnews
400,0.6908,Thu Apr 26 17:00:24 +0000 2018,0.091,0.632,0.277,400,"The Raptors won, the Leafs and Blue Jays lost, and thousands of fans just enjoyed being together https://t.co/jZTBtVxYng @Devin_Heroux",@cbcnews
401,0.0,Thu Apr 26 16:30:20 +0000 2018,0.0,1.0,0.0,401,Democrats have expressed concern that U.S. president may try to remove key figures in Russia probe https://t.co/E8Th4IFWOP,@cbcnews
402,0.0772,Thu Apr 26 16:00:44 +0000 2018,0.126,0.733,0.141,402,Measure would give any special counsel a 10-day window to seek expedited judicial review of a firing https://t.co/oKRd9sNVzD,@cbcnews
403,0.3182,Thu Apr 26 15:45:03 +0000 2018,0.0,0.859,0.141,403,Liberal government took huge delivery of smartphones last month to spend cash before year-end https://t.co/sisQaWcwZp,@cbcnews
404,0.7964,Thu Apr 26 15:32:46 +0000 2018,0.0,0.651,0.349,404,RT @CBCIndigenous: Truth and Reconciliation Call to Action 23: Increase the number of Aboriginal professionals working in the health care f…,@cbcnews
405,-0.5106,Thu Apr 26 15:30:16 +0000 2018,0.142,0.858,0.0,405,Alan John Davidson was convicted in January of indecently assaulting five teenage boys in B.C. in the 1970s and 198… https://t.co/ZlwNYrTf1g,@cbcnews
406,-0.4767,Thu Apr 26 14:30:26 +0000 2018,0.154,0.846,0.0,406,"Majority of Albertans feel equalization payments are unfair, and other parts of Canada will always come first https://t.co/vwUrRLObv7",@cbcnews
407,0.1531,Thu Apr 26 14:15:10 +0000 2018,0.138,0.688,0.175,407,"No standards for safety labels, manufacturing specifications or testing procedures exist today https://t.co/Ogc5EYbmYJ",@cbcnews
408,0.3182,Thu Apr 26 14:15:01 +0000 2018,0.0,0.85,0.15,408,RT @CBCEnt: New additions to Dragons' Den seek to fan entrepreneurial flames https://t.co/lrjoNEAAAx https://t.co/Cy8SkhSI7S,@cbcnews
409,0.0,Thu Apr 26 14:00:20 +0000 2018,0.0,1.0,0.0,409,"""In different parts of the country our relationships with Indigenous people are different and the things we hear fr… https://t.co/Cfq0JOscUq",@cbcnews
410,0.0,Thu Apr 26 13:30:15 +0000 2018,0.0,1.0,0.0,410,"Jackson confirmed early Thursday he will not proceed amid the controversy.
https://t.co/Zl7hiKfuBA",@cbcnews
411,0.296,Thu Apr 26 13:15:12 +0000 2018,0.0,0.82,0.18,411,"Airline says it shares the concerns expressed by its customers
 https://t.co/QkAM337yv8",@cbcnews
412,0.0,Thu Apr 26 13:05:24 +0000 2018,0.0,1.0,0.0,412,RT @petermansbridge: Going to try my first “live” right now! https://t.co/jAKSGZoUic,@cbcnews
413,-0.9001,Thu Apr 26 13:00:58 +0000 2018,0.5,0.433,0.067,413,'Revenge porn is a growing problem that can have devastating and lifelong consequences on its victims' https://t.co/oUltXn4YEA,@cbcnews
414,0.4767,Thu Apr 26 12:30:25 +0000 2018,0.0,0.807,0.193,414,Federal government wants Canadians firms to reap rewards of cutting-edge research and science https://t.co/vqRWGLr36h,@cbcnews
415,0.5423,Thu Apr 26 12:15:03 +0000 2018,0.0,0.837,0.163,415,"With Korean peace on the agenda at Friday's meeting, both North and South leaders have much at stake https://t.co/4Jzaw9UYDg",@cbcnews
416,0.0,Thu Apr 26 12:08:33 +0000 2018,0.0,1.0,0.0,416,"7/7 Get the Morning Brief in your inbox each morning. Sign up here:  
https://t.co/euWkx8Bq21 https://t.co/3PNGoiUWSQ",@cbcnews
417,-0.5423,Thu Apr 26 12:07:36 +0000 2018,0.179,0.821,0.0,417,6/7 French President Emmanuel Macron told U.S. Congress that nationalism is bad and environmentalism is good… https://t.co/htZlrGIOrT,@cbcnews
418,0.1779,Thu Apr 26 12:07:12 +0000 2018,0.0,0.855,0.145,418,5/7 Amazon is working on a robot for your home https://t.co/6S6MJ2ai1r https://t.co/vJ7A32NXul,@cbcnews
419,-0.8126,Thu Apr 26 12:06:36 +0000 2018,0.346,0.654,0.0,419,4/7 Police in California arrested a former cop they think is the Golden State Killer https://t.co/6S6MJ2ai1r https://t.co/4By3eYO2mT,@cbcnews
420,-0.9001,Thu Apr 26 12:06:19 +0000 2018,0.423,0.577,0.0,420,3/7 We learned more names of people who were hurt and killed in Monday’s van attack https://t.co/6S6MJ2ai1r https://t.co/mA0rXZtCvL,@cbcnews
421,0.0,Thu Apr 26 12:05:46 +0000 2018,0.0,1.0,0.0,421,2/7 The Leafs fell to the Bruins 7-4 in Game 7 https://t.co/6S6MJ2ai1r https://t.co/q0WKqxB7n5,@cbcnews
422,0.4926,Thu Apr 26 12:05:16 +0000 2018,0.0,0.814,0.186,422,1/7 Good morning! Here's the news you need to start your day today. https://t.co/6S6MJ2ai1r https://t.co/Gpzi3MFI3j,@cbcnews
423,-0.5719,Thu Apr 26 12:00:23 +0000 2018,0.316,0.684,0.0,423,"""What we do is transform chaos into calm."" https://t.co/97RGcvZ1RN",@cbcnews
424,0.0982,Thu Apr 26 11:45:06 +0000 2018,0.113,0.752,0.135,424,"Autonomous tech can slow down vehicle attacks, but won't stop them completely, professor says https://t.co/PfGhsvcWmZ",@cbcnews
425,0.0,Thu Apr 26 11:30:07 +0000 2018,0.0,1.0,0.0,425,Elimination sets up a summer of questions for Maple Leafs https://t.co/rEDx9V4qkU,@cbcnews
426,0.0,Thu Apr 26 11:15:11 +0000 2018,0.0,1.0,0.0,426,"Prince Harry stood up for his older brother at 2011 royal wedding
 https://t.co/TCBCWagI4q",@cbcnews
427,0.0,Thu Apr 26 10:30:19 +0000 2018,0.0,1.0,0.0,427,"Liberal bill to address historic injustices against LGBT Canadians is too narrow, say some senators https://t.co/3hJ2VDTNla",@cbcnews
428,-0.25,Thu Apr 26 10:00:01 +0000 2018,0.229,0.583,0.188,428,Top politician in Spain's ruling party resigns as head of Madrid region following string of personal scandals https://t.co/ujabYnX5Zc,@cbcnews
429,0.0,Thu Apr 26 09:00:26 +0000 2018,0.0,1.0,0.0,429,U.K. House of Lords votes against May government bid for broader powers to set Brexit rules https://t.co/lGmL6Ex2ID,@cbcnews
430,0.0,Thu Apr 26 08:00:30 +0000 2018,0.0,1.0,0.0,430,"Canada and U.S. clash over sunset clause in 'forceful' NAFTA talks
https://t.co/Az1oYz4DTs https://t.co/XHyOoSM33w",@cbcnews
431,-0.765,Thu Apr 26 07:00:01 +0000 2018,0.387,0.504,0.109,431,High-profile spiritual guru in India sentenced to life in prison for raping teenage female devotee https://t.co/vXhFsiBubd,@cbcnews
432,-0.8402,Thu Apr 26 06:00:12 +0000 2018,0.391,0.609,0.0,432,More than a dozen South Carolina corrections employees facing federal charges after deadly prison riot leaves 7 inm… https://t.co/74c8iSbJsc,@cbcnews
433,0.2235,Thu Apr 26 05:00:08 +0000 2018,0.0,0.9,0.1,433,Central American Caravan migrants arrive in Tijuana despite U.S. warnings about futility of attempting to cross the… https://t.co/P4B2H3P4E3,@cbcnews
434,-0.6249,Thu Apr 26 04:00:06 +0000 2018,0.235,0.695,0.07,434,Former Israeli paramilitary policeman given 9-month jail sentence for killing 17-year-old Palestinian protester in… https://t.co/ZHuXOyZxL1,@cbcnews
435,0.0,Thu Apr 26 03:00:02 +0000 2018,0.0,1.0,0.0,435,"Jennifer Moore Rattray, a member of the Peepeekisis First Nation in Saskatchewan, named new executive director of n… https://t.co/aGM9mpzuir",@cbcnews
436,-0.4588,Thu Apr 26 02:30:12 +0000 2018,0.188,0.812,0.0,436,Fort McMurray Métis commission academic study of the late 1970s Moccasin Flats eviction https://t.co/j75B78qjXf,@cbcnews
437,0.0,Thu Apr 26 02:00:04 +0000 2018,0.0,1.0,0.0,437,Canada pledges $19.5 million US in humanitarian aid for Syria and neighbours sheltering refugees https://t.co/4ryvB3CYXl,@cbcnews
438,-0.2263,Thu Apr 26 01:30:05 +0000 2018,0.119,0.881,0.0,438,Trump's lawyer Michael Cohen says he will plead the Fifth in Stormy Daniels lawsuit https://t.co/2oK10iwJP3,@cbcnews
439,0.0,Thu Apr 26 01:13:14 +0000 2018,0.0,1.0,0.0,439,RT @CBCTheNational: Watch #CBCTheNational LIVE for Apr. 25 https://t.co/k5BOa5rtvF,@cbcnews
440,-0.4767,Thu Apr 26 00:07:07 +0000 2018,0.119,0.881,0.0,440,"RT @CBCToronto: After the van attack, we asked: ""Is your day-to-day life going to change at all after what happened here?""

Hamid Rahman sa…",@cbcnews
441,-0.3182,Thu Apr 26 00:00:21 +0000 2018,0.15,0.85,0.0,441,"Independent senators struggle with how independent they should really be, memo reveals
 https://t.co/eRMoAph6UL https://t.co/rImBekTr1D",@cbcnews
442,-0.3818,Thu Apr 26 00:00:01 +0000 2018,0.192,0.714,0.094,442,"In light of recent criticism, actor Hank Azaria says he'd be ready to stop voicing Kwik-E-Mart owner Apu on the Sim… https://t.co/mZlpHMz2SD",@cbcnews
443,0.0,Wed Apr 25 23:30:16 +0000 2018,0.0,1.0,0.0,443,Mummified remains discovered in Iran could be father of country's last monarch https://t.co/bRV3kOoOiX,@cbcnews
444,-0.3291,Wed Apr 25 23:00:17 +0000 2018,0.178,0.747,0.075,444,"""You can play with fears and angers for a time, but they do not construct anything,"" French President Emmanuel Macr… https://t.co/9LKDBiUpDn",@cbcnews
445,0.2732,Wed Apr 25 22:30:15 +0000 2018,0.0,0.861,0.139,445,Kanye West lauds Trump's 'dragon energy' and calls him 'my brother' on Twitter https://t.co/uoTzmKKw7J,@cbcnews
446,-0.3612,Wed Apr 25 22:00:18 +0000 2018,0.094,0.906,0.0,446,Robert Newell argued he wasn't the one who left a carton of juice with his DNA on it at the scene of a break and en… https://t.co/DqHX4gQWrE,@cbcnews
447,0.4215,Wed Apr 25 21:30:06 +0000 2018,0.0,0.797,0.203,447,RT @CBCEnt: Meet Snowguard: Marvel Comics' new Inuk teen superhero https://t.co/TgEC33KWbC https://t.co/9vbdAn6iPB,@cbcnews
448,-0.7184,Wed Apr 25 21:00:20 +0000 2018,0.375,0.625,0.0,448,RT @cbcnewsbc: Suspect in 1996 sexual assault dies awaiting trial https://t.co/Cidy0HzSHj https://t.co/RcsWGy5dpx,@cbcnews
449,0.4215,Wed Apr 25 20:30:30 +0000 2018,0.0,0.833,0.167,449,"""I would have thought Line 3 would have had the easier time moving forward."" https://t.co/dhHYaOyOye @KyleBakx",@cbcnews
450,-0.296,Wed Apr 25 20:00:14 +0000 2018,0.145,0.855,0.0,450,RT @CBCEnt: Hank Azaria willing to stop voicing Apu on The Simpsons https://t.co/gfflhrWem3 https://t.co/tqsloGYdAK,@cbcnews
451,0.7579,Wed Apr 25 19:30:02 +0000 2018,0.0,0.735,0.265,451,"RT @CBCToronto: ""We're here together and we're strong together"": Residents of Willowdale come together in a show of strength post-attack ht…",@cbcnews
452,-0.8625,Wed Apr 25 19:14:40 +0000 2018,0.658,0.342,0.0,452,Suspect arrested in Golden State Killer case https://t.co/gDIkfOei4y,@cbcnews
453,-0.5859,Wed Apr 25 19:00:35 +0000 2018,0.323,0.538,0.138,453,"RT @CBCToronto: Toronto police update on 'hero cop' Ken Lam, who arrested van attack suspect without gunfire https://t.co/agCV0svReC",@cbcnews
454,0.0,Wed Apr 25 19:00:19 +0000 2018,0.0,1.0,0.0,454,"Tonight in Toronto sports:
• @MapleLeafs in Boston to finish their #StanleyCup playoff series. 
• @Raptors at home… https://t.co/meRLo6lcHO",@cbcnews
455,0.0,Wed Apr 25 18:30:02 +0000 2018,0.0,1.0,0.0,455,The European Space Agency has released the most accurate census yet of stars in the Milky Way. https://t.co/yr6Wun5pCT,@cbcnews
456,-0.4019,Wed Apr 25 18:00:48 +0000 2018,0.13,0.87,0.0,456,"Nearly half of Albertans have trouble paying their bills. 
Only one-quarter think the NDP can get a pipeline built. https://t.co/zcwmMa6oZQ",@cbcnews
457,0.0,Wed Apr 25 17:52:20 +0000 2018,0.0,1.0,0.0,457,RT @CBCAlerts: Jennifer Moore Rattray named executive director of MMIWG inquiry. Ex-Manitoba assistant deputy minister for families also si…,@cbcnews
458,0.3612,Wed Apr 25 17:46:53 +0000 2018,0.0,0.783,0.217,458,Humboldt survivor Ryan Straschnitzki speaks from hospital in Calgary https://t.co/idV4V0wVSs,@cbcnews
459,0.0516,Wed Apr 25 17:30:24 +0000 2018,0.0,0.882,0.118,459,RT @CBCCalgary: Calgary to host the 2019 Grey Cup https://t.co/mkdm2cnyul,@cbcnews
460,-0.5994,Wed Apr 25 17:00:20 +0000 2018,0.214,0.786,0.0,460,"Toronto has joined the list of cities struck by vehicle attacks. 
What can it learn from the others? https://t.co/IjYYx8CD4T @nickjboisvert",@cbcnews
461,0.0,Wed Apr 25 16:52:01 +0000 2018,0.0,1.0,0.0,461,Correct spelling: Renuka Amarasingha ^jb,@cbcnews
462,-0.4019,Wed Apr 25 16:45:05 +0000 2018,0.13,0.87,0.0,462,"RT @CBCQueensPark: BREAKING: Wynne government is low-balling its deficit figures by billions, according to the auditor general. 
(Of course…",@cbcnews
463,-0.7717,Wed Apr 25 16:30:06 +0000 2018,0.309,0.691,0.0,463,"Renuka Amarasinghe, a single mother who worked at Toronto District School Board, died in Monday's van attack. https://t.co/EIYjhotzHF",@cbcnews
464,0.2263,Wed Apr 25 16:23:24 +0000 2018,0.0,0.863,0.137,464,RT @CBCPolitics: Trudeau at the G7: feminist visions LIVE https://t.co/1QZKyYRLEd #hw #cdnpoli https://t.co/Y1McLOjbQg,@cbcnews
465,0.0,Wed Apr 25 16:01:43 +0000 2018,0.0,1.0,0.0,465,RT @CBCAlerts: UPDATE: TDSB says Renuka Amarasingha (note correction to spelling of name) was a Nutrition Services staff member who had jus…,@cbcnews
466,-0.6597,Wed Apr 25 16:00:10 +0000 2018,0.31,0.69,0.0,466,RT @fitzpatrick_m: TDSB confirms one of the van attack victims was an employee https://t.co/R5H9Oj8z7e,@cbcnews
467,-0.5023,Wed Apr 25 16:00:04 +0000 2018,0.218,0.682,0.1,467,"Zoanthid coral is a popular feature of saltwater aquariums, but it can release a dangerous toxin. https://t.co/MGstpy1Fpz",@cbcnews
468,-0.5574,Wed Apr 25 15:30:02 +0000 2018,0.184,0.816,0.0,468,"Facebook's new Community Standards document was released yesterday, showing how it determines whether to ban conten… https://t.co/Xe8MWpH6Ho",@cbcnews
469,0.5499,Wed Apr 25 15:15:10 +0000 2018,0.0,0.772,0.228,469,"RT @cbcsports: Sports can't heal Toronto — but they can help

https://t.co/soaaCCfzFC
#TorontoStrong https://t.co/YrtJizsUD5",@cbcnews
470,-0.7112,Wed Apr 25 15:01:01 +0000 2018,0.258,0.742,0.0,470,#Opinion: I can't help but feel very tired thinking about the weeks we'll spend debating whether Alek Minassian is… https://t.co/kzGcTfqdz6,@cbcnews
471,0.0,Wed Apr 25 14:45:08 +0000 2018,0.0,1.0,0.0,471,LIVE: French President Emmanuel Macron addresses joint session of U.S. Congress https://t.co/lcnm9BLO6d,@cbcnews
472,-0.7717,Wed Apr 25 14:40:08 +0000 2018,0.242,0.758,0.0,472,RT @CBCAlerts: A Jordanian citizen also died in the Toronto van attack. Media in Jordan are citing government sources as saying he was Muni…,@cbcnews
473,-0.4767,Wed Apr 25 14:37:46 +0000 2018,0.129,0.871,0.0,473,RT @CBCAlerts: Ontario premier describes website linked to Toronto van attack as 'horrible.' Kathleen Wynne says too soon to say whether si…,@cbcnews
474,0.128,Wed Apr 25 14:30:09 +0000 2018,0.0,0.927,0.073,474,People in Nunavut are raising concerns that debris from a European rocket being launched today could fall back to E… https://t.co/eeDpkeEttW,@cbcnews
475,0.431,Wed Apr 25 14:00:07 +0000 2018,0.0,0.87,0.13,475,"Truck driving instructors aren't allowed to fail a student who can pass the most basic written and road exams.
""I'm… https://t.co/02CJr9HJsR",@cbcnews
476,0.0,Wed Apr 25 13:30:15 +0000 2018,0.0,1.0,0.0,476,Today Facebook will provide its first update of the financial toll it expects from the Cambridge Analytica scandal.… https://t.co/tCy6q28uaW,@cbcnews
477,-0.8225,Wed Apr 25 13:23:49 +0000 2018,0.257,0.743,0.0,477,RT @CBCAlerts: CBC News has confirmed that Renuka Amarasinghe was one of the 10 people killed in Monday's Toronto van attack. She was a sin…,@cbcnews
478,-0.6369,Wed Apr 25 13:15:17 +0000 2018,0.224,0.776,0.0,478,"RT @CBCCalgary: Calgary commuters should avoid 36th Street near 16th Avenue N.E., a small plane was forced to land there.  https://t.co/o3O…",@cbcnews
479,-0.3182,Wed Apr 25 13:00:15 +0000 2018,0.103,0.897,0.0,479,Investigators will proceed with caution in the coming days as they work to identify the victims of the Toronto van… https://t.co/uRnkqVeLrL,@cbcnews
480,-0.9136,Wed Apr 25 12:30:07 +0000 2018,0.458,0.542,0.0,480,Danish submarine inventor Peter Madsen has been sentenced to life in prison for torturing and murdering Swedish rep… https://t.co/vUaRnuGpdq,@cbcnews
481,-0.6369,Wed Apr 25 12:00:09 +0000 2018,0.224,0.776,0.0,481,"A new report says a tool made by the Canadian company Netsweeper is being used to censor political critics, news an… https://t.co/FTw5RWaRir",@cbcnews
482,-0.7964,Wed Apr 25 11:30:22 +0000 2018,0.31,0.69,0.0,482,Air Canada has been charged with a string of offences in the death of an employee in 2016 after the baggage-handlin… https://t.co/vGh4Fmoxg7,@cbcnews
483,0.0,Wed Apr 25 11:18:40 +0000 2018,0.0,1.0,0.0,483,7/7 Get the Morning Brief in your inbox each morning. Sign up here: https://t.co/euWkx8Bq21 https://t.co/d7Qw2lQUXj,@cbcnews
484,0.3544,Wed Apr 25 11:18:39 +0000 2018,0.097,0.704,0.199,484,"6/7 The University of Alberta is giving an honorary degree to David Suzuki, and it's not popular with everyone.… https://t.co/ypO4M36Cac",@cbcnews
485,0.128,Wed Apr 25 11:18:39 +0000 2018,0.088,0.798,0.114,485,"5/7 Facebook has lost a lot of trust and goodwill, but not a lot of money (yet). https://t.co/P64pNRQFZl https://t.co/kNFN1W7jlB",@cbcnews
486,0.0,Wed Apr 25 11:18:38 +0000 2018,0.0,1.0,0.0,486,4/7 Some countries are censoring the internet. And a new report suggests they're using Canadian tech to do it.… https://t.co/qqWLVSuNYK,@cbcnews
487,-0.296,Wed Apr 25 11:18:38 +0000 2018,0.18,0.82,0.0,487,"3/7 The suspect, Alek Minassian, was in court yesterday. https://t.co/P64pNRQFZl https://t.co/b90ZGLIQQz",@cbcnews
488,-0.6597,Wed Apr 25 11:18:37 +0000 2018,0.265,0.735,0.0,488,"2/7 Last night, there was a vigil for the victims of Monday’s van attack in Toronto. https://t.co/P64pNRQFZl https://t.co/X4t0vQVFAc",@cbcnews
489,0.4926,Wed Apr 25 11:18:36 +0000 2018,0.0,0.814,0.186,489,1/7 Good morning! Here's the news you need to start your day today. https://t.co/P64pNRQFZl https://t.co/3w9aUEXtzL,@cbcnews
490,-0.9153,Wed Apr 25 11:08:16 +0000 2018,0.444,0.556,0.0,490,"RT @CBCAlerts: BREAKING: A Danish submarine inventor has been sentenced to life in prison for torturing, killing and dismembering Swedish r…",@cbcnews
491,-0.6486,Wed Apr 25 11:00:27 +0000 2018,0.249,0.751,0.0,491,"A Facebook post linked to the Toronto van attack suspect points to the insular, misogynistic world of ""incels."" https://t.co/CWMMuu95A4",@cbcnews
492,-0.1102,Wed Apr 25 10:30:15 +0000 2018,0.188,0.595,0.216,492,"Shania's apology for Trump comments may have done more harm than good, publicists say https://t.co/lwgTtQvoDF",@cbcnews
493,0.3612,Wed Apr 25 10:00:06 +0000 2018,0.0,0.839,0.161,493,"Quebec will grant French painting heritage status, bringing saga to an end https://t.co/FCxjkFayx6 https://t.co/8DviNf9tkU",@cbcnews
494,-0.2732,Wed Apr 25 09:00:10 +0000 2018,0.116,0.884,0.0,494,"Elderly who are prescribed opioids may be at higher risk of fall-related injuries, new research suggests https://t.co/2gNzZQLZht",@cbcnews
495,-0.5574,Wed Apr 25 08:00:28 +0000 2018,0.235,0.765,0.0,495,Liberal MP accused of groping woman says he was linked to incident by mistake in statement https://t.co/auNwF8I3O5,@cbcnews
496,0.3612,Wed Apr 25 07:00:00 +0000 2018,0.0,0.8,0.2,496,"Scientists conclude that Uranus does, in fact, smell like farts https://t.co/TUIQiDdUZa",@cbcnews
497,0.0,Wed Apr 25 06:00:14 +0000 2018,0.0,1.0,0.0,497,10-year U.S. government bond yielding three per cent for first time in four years https://t.co/3mmI6Ji9x6,@cbcnews
498,-0.0772,Wed Apr 25 05:00:01 +0000 2018,0.157,0.703,0.141,498,UN officials worry that Canadian helicopter commitment for Mali mission may not be enough https://t.co/hyeqEgcJ78,@cbcnews
499,-0.4215,Wed Apr 25 04:00:19 +0000 2018,0.149,0.851,0.0,499,"AggregateIQ denies links to scandal-plagued Cambridge Analytica, says it has never used Facebook data improperly ob… https://t.co/h9YyNd28Yg",@cbcnews
